1,Inc5000 Company List,1,22890,1,227,Fuhu,El Segundo,Los Angeles,158956.91,195640000,Consumer Products & Services,2,CA
2,Inc5000 Company List,2,25747,2,191,Quest Nutrition,El Segundo,Los Angeles,57347.92,82640563,Food & Beverage,1,CA
4,Inc5000 Company List,4,26098,4,62,Superfish,Palo Alto,San Jose,26042.96,35293000,Software,1,CA
7,Inc5000 Company List,7,22937,7,129,Crescendo Bioscience,South San Francisco,San Francisco,18375.07,27308000,Health,2,CA
17,Inc5000 Company List,17,24632,17,436,American Solar Direct,Los Angeles,Los Angeles,11560.35,52086567,Energy,1,CA
28,Inc5000 Company List,28,25764,28,10,PackIt,Westlake Village,Los Angeles,7877.95,11874148,Consumer Products & Services,1,CA
33,Inc5000 Company List,33,25240,33,24,Dolls Kill,San Francisco,San Francisco,7055.66,7585000,Retail,1,CA
42,Inc5000 Company List,42,26490,42,96,SmartZip Analytics,Pleasanton,San Francisco,5811.36,11396150,Software,1,CA
56,Inc5000 Company List,56,25445,56,35,Multifamily Utility,San Diego,San Diego,5196.07,5757194,Real Estate,1,CA
58,Inc5000 Company List,58,26233,58,70,Bizness Apps,San Francisco,San Francisco,5078.59,5958067,Software,1,CA
59,Inc5000 Company List,59,25846,59,60,EcoSense Lighting,Los Angeles,Los Angeles,5059.15,15363997,Manufacturing,1,CA
60,Inc5000 Company List,60,26043,60,61,PhotoBin,San Diego,San Diego,5003.44,6385268,Consumer Products & Services,1,CA
66,Inc5000 Company List,66,21440,66,40,Netcom3 Global,Laguna Niguel,Los Angeles,4724.78,30058088,Software,3,CA
72,Inc5000 Company List,72,26510,72,40,KRAVE Pure Foods,Sonoma,Napa CA,4632.06,16940863,Food & Beverage,1,CA
79,Inc5000 Company List,79,25062,79,53,Clean Energy Experts,Manhattan Beach,Los Angeles,4063.59,6058237,Advertising & Marketing,1,CA
83,Inc5000 Company List,83,25510,83,39,iCracked,Redwood City,San Francisco,4033.25,7315850,Consumer Products & Services,1,CA
93,Inc5000 Company List,93,25047,93,26,FastPay,Beverly Hills,Los Angeles,3824.87,5061986,Financial Services,1,CA
105,Inc5000 Company List,105,26379,105,100,Inkling,San Francisco,San Francisco,3443.04,8149000,Software,1,CA
109,Inc5000 Company List,109,26392,109,37,Apex Fuels,Murrieta,Riverside-San Bernardino-Ontario CA,3323.53,134567633,Energy,1,CA
110,Inc5000 Company List,110,25606,110,200,Multicoreware,Sunnyvale,San Jose,3322.11,7686082,Software,1,CA
113,Inc5000 Company List,113,25241,113,15,Fortress Gold Group,Sherman Oaks,Los Angeles,3257.97,9809304,Financial Services,1,CA
114,Inc5000 Company List,114,23197,114,73,AdColony,Los Angeles,Los Angeles,3236.47,52783000,Advertising & Marketing,2,CA
122,Inc5000 Company List,122,24847,122,23,Smashwords,Los Gatos,San Jose,3018.57,22037828,Media,1,CA
129,Inc5000 Company List,129,26484,129,14,Bob's Watches,Westminster,Los Angeles,2861.19,11101120,Retail,1,CA
132,Inc5000 Company List,132,20998,132,200,29 Prime,Irvine,Los Angeles,2790.92,20289054,Advertising & Marketing,3,CA
139,Inc5000 Company List,139,26263,139,232,Twilio,San Francisco,San Francisco,2710.87,51720000,Telecommunications,1,CA
144,Inc5000 Company List,144,25594,144,53,LiveRamp,San Francisco,San Francisco,2665.25,21040412,Advertising & Marketing,1,CA
146,Inc5000 Company List,146,26220,146,35,PresenceLearning,San Francisco,San Francisco,2634.26,5906000,Education,1,CA
152,Inc5000 Company List,152,20327,152,2200,Sky Zone Indoor Trampoline Park,Los Angeles,Los Angeles,2571.06,88183962,Consumer Products & Services,4,CA
157,Inc5000 Company List,157,25205,157,11,GrayPay,Encino,Los Angeles,2539.99,2981762,Financial Services,1,CA
164,Inc5000 Company List,164,23033,164,8,AudioMicro,Sherman Oaks,Los Angeles,2495.63,5426086,Media,2,CA
168,Inc5000 Company List,168,25488,168,31,Paradigm Mechanical,Lemon Grove,San Diego,2439.54,5250000,Construction,1,CA
169,Inc5000 Company List,169,22992,169,45,Finance Store,Santa Ana,Los Angeles,2436.3,4590707,Financial Services,2,CA
172,Inc5000 Company List,172,26221,172,107,Ensighten,Cupertino,San Jose,2415.81,8277000,Advertising & Marketing,1,CA
173,Inc5000 Company List,173,26167,173,123,Pathway Genomics,San Diego,San Diego,2415.53,14426053,Health,1,CA
176,Inc5000 Company List,176,25374,176,90,180Fusion,Los Angeles,Los Angeles,2379.18,6662008,Advertising & Marketing,1,CA
181,Inc5000 Company List,181,25765,181,20,6 Pack Fitness,San Francisco,San Francisco,2336.41,6310305,Retail,1,CA
182,Inc5000 Company List,182,26546,182,10,Genzum Life Sciences,Los Angeles,Los Angeles,2333.3,8561253,Health,1,CA
183,Inc5000 Company List,183,24923,183,247,ProctorU,Livermore,San Francisco,2312.14,6435816,Education,1,CA
185,Inc5000 Company List,185,25181,185,68,Duda,Palo Alto,San Jose,2299.95,5532830,Software,1,CA
189,Inc5000 Company List,189,25783,189,35,EmazingLights,Anaheim,Los Angeles,2281.34,5842010,Retail,1,CA
191,Inc5000 Company List,191,26255,191,75,shopkick,Redwood City,San Francisco,2250.04,26319118,Retail,1,CA
203,Inc5000 Company List,203,23061,203,52,VETS Etc.,Seaside,Salinas CA,2162.03,6480926,IT Services,2,CA
205,Inc5000 Company List,205,25498,205,36,Tongal,Santa Monica,Los Angeles,2144.05,8417085,Advertising & Marketing,1,CA
215,Inc5000 Company List,215,26595,215,25,Wren,Los Angeles,Los Angeles,2092.19,5154056,Retail,1,CA
222,Inc5000 Company List,222,25143,222,22,Loqate,San Mateo,San Francisco,2025.76,4464093,Software,1,CA
237,Inc5000 Company List,237,26109,237,16,Levitate Media,San Francisco,San Francisco,1923.37,2094293,Media,1,CA
240,Inc5000 Company List,240,25334,240,25,Motiv Power Systems,Foster City,San Francisco,1900.47,2681071,Energy,1,CA
243,Inc5000 Company List,243,25001,243,125,LiveRail,San Francisco,San Francisco,1892.63,72731000,Advertising & Marketing,1,CA
247,Inc5000 Company List,247,26122,247,16,GreenRope,Cardiff,San Diego,1858.91,2129330,Software,1,CA
248,Inc5000 Company List,248,25329,248,385,Lending Club,San Francisco,San Francisco,1854.18,98002000,Financial Services,1,CA
249,Inc5000 Company List,249,26151,249,24,DrChrono,Mountain View,San Jose,1834.05,2863000,Health,1,CA
250,Inc5000 Company List,250,25612,250,75,Capstone (Sausalito CA),Sausalito,San Francisco,1832.21,13719024,Business Products & Services,1,CA
251,Inc5000 Company List,251,26108,251,4,Alcohol by Volume,Monterey,Salinas CA,1822.92,4492939,Food & Beverage,1,CA
253,Inc5000 Company List,253,26409,253,150,Tealium,San Diego,San Diego,1808.42,12462000,Software,1,CA
261,Inc5000 Company List,261,26286,261,22,Moore Heating & Air Conditioning,Santa Rosa,Santa Rosa-Petaluma CA,1757.63,3124754,Construction,1,CA
266,Inc5000 Company List,266,23017,266,70,TNH Advanced Specialty Pharmacy,Van Nuys,Los Angeles,1734.47,101455802,Health,2,CA
270,Inc5000 Company List,270,25092,270,69,GuideSpark,Menlo Park,San Francisco,1703.56,4058000,Software,1,CA
275,Inc5000 Company List,275,25684,275,24,Motivational Press,Carlsbad,San Diego,1675,2343000,Media,1,CA
301,Inc5000 Company List,301,25993,301,32,KeVita Sparkling Probiotic Drinks,Oxnard,Oxnard-Thousand Oaks-Ventura CA,1518.55,11168000,Food & Beverage,1,CA
302,Inc5000 Company List,302,25740,302,12,HoverCam,San Diego,San Diego,1517.02,4760241,Manufacturing,1,CA
308,Inc5000 Company List,308,25239,308,188,Softhq,San Diego,San Diego,1496.75,16058111,IT Services,1,CA
315,Inc5000 Company List,315,26404,315,15,MoTek Technologies,Valencia,Los Angeles,1475.48,2185028,IT Services,1,CA
323,Inc5000 Company List,323,25072,323,2,Gold Refinery of San Diego,San Diego,San Diego,1440.07,37821889,Financial Services,1,CA
326,Inc5000 Company List,326,26593,326,718,GoPro,San Mateo,San Francisco,1429.13,985737000,Consumer Products & Services,1,CA
329,Inc5000 Company List,329,24996,329,10,Outdoor Tech,Los Angeles,Los Angeles,1418.69,3013390,Consumer Products & Services,1,CA
332,Inc5000 Company List,332,24968,332,15,TitanLED,Simi Valley,Oxnard-Thousand Oaks-Ventura CA,1402.3,7866379,Manufacturing,1,CA
356,Inc5000 Company List,356,25102,356,17,Dope,Los Angeles,Los Angeles,1330.64,5350992,Consumer Products & Services,1,CA
363,Inc5000 Company List,363,25299,363,21,StemExpress,Placerville,Sacramento--Arden-Arcade--Roseville CA,1315.91,2213239,Health,1,CA
364,Inc5000 Company List,364,25442,364,23,BlissLights,Escondido,San Diego,1313.96,17188664,Consumer Products & Services,1,CA
369,Inc5000 Company List,369,24990,369,33,Six Spoke Media,San Francisco,San Francisco,1290.96,11940799,Advertising & Marketing,1,CA
373,Inc5000 Company List,373,25768,373,11,Back to the Roots,Oakland,San Francisco,1279.67,3338280,Consumer Products & Services,1,CA
376,Inc5000 Company List,376,25349,376,62,Invoca,Santa Barbara,Santa Barbara-Santa Maria-Goleta CA,1267.3,9407000,Software,1,CA
385,Inc5000 Company List,385,23389,385,31,Reliant Services Group,San Diego,San Diego,1217.05,5968009,Financial Services,2,CA
386,Inc5000 Company List,386,25075,386,18,PK4 Media,El Segundo,Los Angeles,1211.95,7109209,Advertising & Marketing,1,CA
394,Inc5000 Company List,394,23068,394,105,Babyhaven.com,Santa Fe Springs,Los Angeles,1185.53,17622027,Retail,2,CA
403,Inc5000 Company List,403,24977,403,45,Ruby Makeup Academy,Temple City,Los Angeles,1174.26,2119940,Education,1,CA
417,Inc5000 Company List,417,25668,417,11,SearchMarketers.com,Irvine,Los Angeles,1136.77,2069044,Advertising & Marketing,1,CA
419,Inc5000 Company List,419,25358,419,22,New Venture Escrow,San Diego,San Diego,1128.19,2045107,Real Estate,1,CA
424,Inc5000 Company List,424,25543,424,8,TK Media Direct,North Hollywood,Los Angeles,1119.88,12791083,Advertising & Marketing,1,CA
444,Inc5000 Company List,444,17392,444,38,I.T. Source,Los Angeles,Los Angeles,1074.99,102802777,IT Services,5,CA
448,Inc5000 Company List,448,25794,448,11,Rocktape,Los Gatos,San Jose,1068.02,5306631,Health,1,CA
451,Inc5000 Company List,451,25936,451,2,Servlinx,Santa Clara,San Jose,1052.26,2284325,IT Services,1,CA
453,Inc5000 Company List,453,25923,453,35,The Doctor's Choice,Los Angeles,Los Angeles,1048.94,2442110,Health,1,CA
465,Inc5000 Company List,465,26144,465,186,Coupa Software,San Mateo,San Francisco,1023.23,23180135,Software,1,CA
468,Inc5000 Company List,468,26133,468,40,Tracker Corp,San Francisco,San Francisco,1001.72,8340000,Software,1,CA
473,Inc5000 Company List,473,25435,473,21,EPtronics,Gardena,Los Angeles,996.85,13477907,Manufacturing,1,CA
475,Inc5000 Company List,475,26002,475,24,Solid Commerce,Marina Del Rey,Los Angeles,994.3,2278966,Software,1,CA
477,Inc5000 Company List,477,19303,477,309,Build Group,San Francisco,San Francisco,990.29,199407728,Construction,3,CA
479,Inc5000 Company List,479,26276,479,6,SeaSnax,Los Angeles,Los Angeles,988.24,3515000,Food & Beverage,1,CA
487,Inc5000 Company List,487,25844,487,7,Maven Recruiting Group,San Francisco,San Francisco,977.85,2069804,Human Resources,1,CA
494,Inc5000 Company List,494,25140,494,850,Bodhtree Solutions,Santa Clara,San Jose,965.29,40683608,IT Services,1,CA
504,Inc5000 Company List,504,22976,504,12,US Perishables,Oakland,San Francisco,935.28,4435641,Logistics & Transportation,2,CA
509,Inc5000 Company List,509,26160,509,88,Evolv,San Francisco,San Francisco,930.62,5452000,Human Resources,1,CA
512,Inc5000 Company List,512,25541,512,7,Tach Tech,San Francisco,San Francisco,927.39,3069421,IT Services,1,CA
513,Inc5000 Company List,513,25676,513,24,IdeaScale,San Francisco,San Francisco,915.5,2395155,Software,1,CA
519,Inc5000 Company List,519,23657,519,2,New Horizon Health,Westlake Village,Los Angeles,910.4,7635426,Health,2,CA
524,Inc5000 Company List,524,25416,524,10,Knockaround,San Diego,San Diego,907.75,5744500,Consumer Products & Services,1,CA
551,Inc5000 Company List,551,25539,551,45,NorCal CrossFit,San Jose,San Jose,870.76,2872908,Health,1,CA
558,Inc5000 Company List,558,26440,558,457,Progreso Financero,Redwood City,San Francisco,865.39,74656156,Financial Services,1,CA
563,Inc5000 Company List,563,26244,563,35,CivicSolar,San Francisco,San Francisco,848.73,27878791,Energy,1,CA
573,Inc5000 Company List,573,22115,573,20,SpearMC Consulting,San Francisco,San Francisco,831.97,7271386,IT Services,3,CA
577,Inc5000 Company List,577,1253,577,25,Strada Capital,Laguna Hills,Los Angeles,826.2,8765600,Financial Services,3,CA
581,Inc5000 Company List,581,23259,581,38,Cloud9 Real Time,San Diego,San Diego,823.91,6121965,IT Services,2,CA
596,Inc5000 Company List,596,23466,596,10,Benztown,Burbank,Los Angeles,796.49,2515109,Media,2,CA
601,Inc5000 Company List,601,25252,601,38,Hathway,San Luis Obispo,San Luis Obispo-Paso Robles CA,790.76,4190463,Advertising & Marketing,1,CA
609,Inc5000 Company List,609,24912,609,14,Little Passports,San Francisco,San Francisco,779.77,2351909,Consumer Products & Services,1,CA
611,Inc5000 Company List,611,23272,611,154,TechShop,San Jose,San Jose,778.47,9753457,Manufacturing,2,CA
613,Inc5000 Company List,613,25593,613,3,Second Media,San Francisco,San Francisco,773.27,3325310,Media,1,CA
622,Inc5000 Company List,622,21132,622,159,mophie,Tustin,Los Angeles,750.54,215393724,Consumer Products & Services,3,CA
631,Inc5000 Company List,631,23038,631,725,TaskUs,Santa Monica,Los Angeles,739.1,6243017,Business Products & Services,2,CA
638,Inc5000 Company List,638,23243,638,130,MobileOne,San Diego,San Diego,729.82,59079647,Retail,2,CA
641,Inc5000 Company List,641,25985,641,35,OrangePeople,Irvine,Los Angeles,726.6,4573171,IT Services,1,CA
645,Inc5000 Company List,645,23433,645,85,iUnlimited Investigative Services,Sacramento,Sacramento--Arden-Arcade--Roseville CA,712.56,5173330,Security,2,CA
649,Inc5000 Company List,649,25332,649,18,W&R Studios,Huntington Beach,Los Angeles,708.18,2344170,Software,1,CA
656,Inc5000 Company List,656,26153,656,45,Nicholas Pension Consultants,Rancho Cordova,Sacramento--Arden-Arcade--Roseville CA,702.72,4196530,Financial Services,1,CA
658,Inc5000 Company List,658,21028,658,27,Modern Everyday,Alhambra,Los Angeles,700.42,9300320,Retail,3,CA
668,Inc5000 Company List,668,23096,668,174,InfoFree,San Mateo,San Francisco,685.46,7509000,Business Products & Services,2,CA
676,Inc5000 Company List,676,25431,676,4,KitOrder,Sausalito,San Francisco,674.12,4185860,Software,1,CA
677,Inc5000 Company List,677,24606,677,85,3Q Digital,San Mateo,San Francisco,670.6,9642752,Advertising & Marketing,1,CA
683,Inc5000 Company List,683,25980,683,17,Regatta Solutions,San Juan Capistrano,Los Angeles,661.5,11027178,Energy,1,CA
684,Inc5000 Company List,684,24917,684,18,Barney Butter,Fresno,Fresno CA,661.03,8691000,Food & Beverage,1,CA
685,Inc5000 Company List,685,26369,685,23,JJ Virgin & Associates,Rancho Mirage,Riverside-San Bernardino-Ontario CA,660.01,6074970,Health,1,CA
689,Inc5000 Company List,689,22938,689,25,ReTargeter,San Francisco,San Francisco,657.75,8161000,Advertising & Marketing,2,CA
691,Inc5000 Company List,691,25867,691,60,VizExplorer,San Diego,San Diego,656.23,5424000,Software,1,CA
693,Inc5000 Company List,693,7473,693,138,Vantage Media Marketplaces,El Segundo,Los Angeles,655.73,118778000,Advertising & Marketing,2,CA
696,Inc5000 Company List,696,24835,696,11,All American Lending,Newport Beach,Los Angeles,652.75,2819668,Financial Services,1,CA
706,Inc5000 Company List,706,25714,706,12,NovelASPect.com,San Mateo,San Francisco,641.78,2439374,IT Services,1,CA
751,Inc5000 Company List,751,23293,751,272,Skava,San Francisco,San Francisco,608.05,22892356,Software,2,CA
752,Inc5000 Company List,752,22967,752,62,Apartment List,San Francisco,San Francisco,607.1,17225000,Real Estate,2,CA
759,Inc5000 Company List,759,25344,759,31,Evista Environmental Health Systems,Newport Beach,Los Angeles,602.14,3714119,Environmental Services,1,CA
765,Inc5000 Company List,765,23390,765,891,Episource,La Palma,Los Angeles,596.35,12796344,Health,2,CA
776,Inc5000 Company List,776,23509,776,53,Renova Energy,Palm Desert,Riverside-San Bernardino-Ontario CA,588.51,8448000,Energy,2,CA
777,Inc5000 Company List,777,26565,777,520,Aerohive Networks,Sunnyvale,San Jose,586.45,107135000,Software,1,CA
782,Inc5000 Company List,782,24979,782,36,Noribachi,Hawthorne,Los Angeles,580.99,10189784,Manufacturing,1,CA
789,Inc5000 Company List,789,25366,789,205,DayNine Consulting,Pleasanton,San Francisco,579.01,26460806,Business Products & Services,1,CA
793,Inc5000 Company List,793,23114,793,39,ISBX,Los Angeles,Los Angeles,575.11,5700126,Software,2,CA
795,Inc5000 Company List,795,23586,795,30,Black Lotus Communications,San Francisco,San Francisco,573.67,3998221,IT Services,2,CA
796,Inc5000 Company List,796,23148,796,71,24Hr HomeCare,El Segundo,Los Angeles,573.34,29146106,Health,2,CA
797,Inc5000 Company List,797,25427,797,70,Early Growth Financial Services,San Jose,San Jose,573.13,4188467,Financial Services,1,CA
802,Inc5000 Company List,802,17334,802,45,Vista Imaging Services,El Dorado Hills,Sacramento--Arden-Arcade--Roseville CA,566.98,25926420,Health,5,CA
804,Inc5000 Company List,804,23321,804,75,Kore1,Irvine,Los Angeles,565.59,5358000,IT Services,2,CA
805,Inc5000 Company List,805,23214,805,21,QualityFlooring4Less.com,San Francisco,San Francisco,564.92,19865400,Consumer Products & Services,2,CA
806,Inc5000 Company List,806,26349,806,19,Phenom Software,Irvine,Los Angeles,563.5,2739113,IT Services,1,CA
808,Inc5000 Company List,808,25395,808,48,YOU Technology,South San Francisco,San Francisco,562.7,19745471,Advertising & Marketing,1,CA
809,Inc5000 Company List,809,21080,809,229,TubeMogul,Emeryville,San Francisco,561.97,57214000,Advertising & Marketing,3,CA
810,Inc5000 Company List,810,25437,810,101,RailPros Field Services,Irvine,Los Angeles,561.9,10485940,Engineering,1,CA
811,Inc5000 Company List,811,24831,811,1387,Amerit Fleet Solutions,Walnut Creek,San Francisco,561.5,100933004,Logistics & Transportation,1,CA
816,Inc5000 Company List,816,25330,816,259,Saalex Solutions,Camarillo,Oxnard-Thousand Oaks-Ventura CA,558.35,35495269,Government Services,1,CA
824,Inc5000 Company List,824,23043,824,33,Sovereign Lending Group,Irvine,Los Angeles,552.22,6571994,Financial Services,2,CA
825,Inc5000 Company List,825,21570,825,284,Kareo,Irvine,Los Angeles,551.72,30018046,Software,3,CA
835,Inc5000 Company List,835,23296,835,12,Technossus,Irvine,Los Angeles,544.36,6231000,Software,2,CA
844,Inc5000 Company List,844,23572,844,13,Total Apps,Aliso Viejo,Los Angeles,533.69,3419898,Financial Services,2,CA
854,Inc5000 Company List,854,26547,854,17,Wholesale Warranties,San Diego,San Diego,527.03,4181558,Insurance,1,CA
856,Inc5000 Company List,856,22853,856,174,JetSuite,Irvine,Los Angeles,526.73,46510000,Logistics & Transportation,1,CA
877,Inc5000 Company List,877,21873,877,20,Meridian Pacific Properties,San Marcos,San Diego,512.33,13415944,Real Estate,3,CA
880,Inc5000 Company List,880,21776,880,70,Procore Technologies,Carpinteria,Santa Barbara-Santa Maria-Goleta CA,510.37,9454324,Software,3,CA
888,Inc5000 Company List,888,21111,888,75,Internet Marketing,San Diego,San Diego,503.46,17816391,Advertising & Marketing,3,CA
893,Inc5000 Company List,893,24838,893,8,OneTaste,San Francisco,San Francisco,500.31,4220190,Education,1,CA
894,Inc5000 Company List,894,26041,894,34,Fresh Healthy Vending International,San Diego,San Diego,499.98,4865837,Food & Beverage,1,CA
896,Inc5000 Company List,896,24799,896,22,ZEV Technologies,Oxnard,Oxnard-Thousand Oaks-Ventura CA,498.94,3574036,Consumer Products & Services,1,CA
906,Inc5000 Company List,906,21053,906,55,Landmark Network,North Hollywood,Los Angeles,494.58,9421560,Real Estate,3,CA
928,Inc5000 Company List,928,17681,928,75,Moore Family Hearing Company,Roseville,Sacramento--Arden-Arcade--Roseville CA,485.14,12373664,Health,2,CA
929,Inc5000 Company List,929,25637,929,50,Ace Metrix,Mountain View,San Jose,485.09,10043398,Advertising & Marketing,1,CA
931,Inc5000 Company List,931,25443,931,108,Behavioral Health Works,Garden Grove,Los Angeles,483.58,4402856,Health,1,CA
937,Inc5000 Company List,937,2157,937,86,Nutiva,Richmond,San Francisco,481.63,69926685,Food & Beverage,6,CA
939,Inc5000 Company List,939,23256,939,16,Media Vision USA,Oakland,San Francisco,480.12,10044622,Business Products & Services,2,CA
944,Inc5000 Company List,944,23493,944,45,Richter10.2 Media Group,San Jose,San Jose,477.9,2795976,Advertising & Marketing,2,CA
961,Inc5000 Company List,961,25049,961,26,Konnect Public Relations,Los Angeles,Los Angeles,469.56,2341603,Advertising & Marketing,1,CA
962,Inc5000 Company List,962,23454,962,30,JB Cosmetics,Corona,Riverside-San Bernardino-Ontario CA,468.42,7801453,Consumer Products & Services,2,CA
963,Inc5000 Company List,963,25788,963,66,Lumen21,Orange,Los Angeles,468.34,5701875,IT Services,1,CA
968,Inc5000 Company List,968,21035,968,133,Bizo,San Francisco,San Francisco,465.07,37100289,Advertising & Marketing,3,CA
980,Inc5000 Company List,980,21627,980,55,Kovarus,San Ramon,San Francisco,456.55,117377345,IT Services,3,CA
981,Inc5000 Company List,981,23654,981,115,Communication Infrastructure Corporation,Oxnard,Oxnard-Thousand Oaks-Ventura CA,456.22,35114684,Telecommunications,2,CA
989,Inc5000 Company List,989,1026,989,65,Six Dimensions,San Ramon,San Francisco,454.28,9640286,IT Services,3,CA
998,Inc5000 Company List,998,23462,998,58,Three Twins Ice Cream,Petaluma,San Francisco,448.14,6695320,Food & Beverage,2,CA
1014,Inc5000 Company List,1014,25209,1014,5,Convoy Technologies,Newport Beach,Los Angeles,439.24,2514470,Logistics & Transportation,1,CA
1026,Inc5000 Company List,1026,23035,1026,123,TEEMA Solutions Group,Irvine,Los Angeles,434.66,40404000,Human Resources,2,CA
1033,Inc5000 Company List,1033,24985,1033,10,StaffRehab,Newport Beach,Los Angeles,431.47,2386388,Health,1,CA
1046,Inc5000 Company List,1046,23641,1046,10,Vertical Direct Marketing Group,San Diego,San Diego,426.88,3436400,Advertising & Marketing,2,CA
1051,Inc5000 Company List,1051,21235,1051,90,Allied Wallet,West Hollywood,Los Angeles,423.69,15646129,Financial Services,2,CA
1062,Inc5000 Company List,1062,23457,1062,26,Confirm BioSciences,San Diego,San Diego,418.69,3451715,Health,2,CA
1065,Inc5000 Company List,1065,26294,1065,20,Consolidated Construction Services,Carlsbad,San Diego,418.4,2903598,Construction,1,CA
1074,Inc5000 Company List,1074,24130,1074,110,Rodda Electric,Brentwood,San Francisco,414.9,17637265,Energy,2,CA
1093,Inc5000 Company List,1093,26290,1093,100,Omelet,Culver City,Los Angeles,406.95,25053502,Advertising & Marketing,1,CA
1099,Inc5000 Company List,1099,21264,1099,25,MPactWealth,Walnut Creek,San Francisco,404.67,4876829,Education,3,CA
1102,Inc5000 Company List,1102,26566,1102,850,Arista Networks,Santa Clara,San Jose,403.67,361224000,Software,1,CA
1105,Inc5000 Company List,1105,25101,1105,23,Westrax Machinery,Rancho Dominguez,Los Angeles,402.38,7198960,Construction,1,CA
1111,Inc5000 Company List,1111,25372,1111,10,The Ticket Group,Tustin,Los Angeles,400.26,11009859,Consumer Products & Services,1,CA
1121,Inc5000 Company List,1121,21048,1121,24,ShoeZoo.com,Paramount,Los Angeles,393.51,17524822,Retail,3,CA
1122,Inc5000 Company List,1122,21809,1122,87,Pensionmark Retirement Group,Santa Barbara,Santa Barbara-Santa Maria-Goleta CA,393.46,8432977,Financial Services,3,CA
1129,Inc5000 Company List,1129,21222,1129,30,SpringAhead,San Francisco,San Francisco,391.15,4531935,Software,3,CA
1138,Inc5000 Company List,1138,18155,1138,29,Restoration Media,Irvine,Los Angeles,387.26,9374748,Media,4,CA
1140,Inc5000 Company List,1140,25056,1140,2,Conejo Deals,Westlake Village,Los Angeles,386.66,2159755,Advertising & Marketing,1,CA
1145,Inc5000 Company List,1145,24791,1145,296,Zero Waste Solutions,Concord,San Francisco,383.74,12353215,Environmental Services,1,CA
1146,Inc5000 Company List,1146,26265,1146,20,Tevora Business Solutions,Lake Forest,Los Angeles,383.34,9835883,Security,1,CA
1148,Inc5000 Company List,1148,21047,1148,72,Ontraport,Santa Barbara,Santa Barbara-Santa Maria-Goleta CA,382.85,8264000,Software,3,CA
1162,Inc5000 Company List,1162,23335,1162,78,Underground Elephant,San Diego,San Diego,376.99,43951873,Advertising & Marketing,2,CA
1166,Inc5000 Company List,1166,24842,1166,9,BeforeTheMovie,Fairfield,Vallejo-Fairfield CA,375.5,2957170,Advertising & Marketing,1,CA
1185,Inc5000 Company List,1185,25657,1185,48,BrightSign,Los Gatos,San Jose,369.8,32216296,Computer Hardware,1,CA
1209,Inc5000 Company List,1209,23021,1209,21,Ad-Juster,Poway,San Diego,361.07,4105554,Advertising & Marketing,2,CA
1221,Inc5000 Company List,1221,23155,1221,31,Integrated Prescription Management,Fresno,Fresno CA,357.59,68702224,Health,2,CA
1227,Inc5000 Company List,1227,26264,1227,35,ZehnerGroup,Los Angeles,Los Angeles,356.17,2494222,Advertising & Marketing,1,CA
1228,Inc5000 Company List,1228,21715,1228,113,VCC Optoelectronics,Poway,San Diego,355.7,13354676,Manufacturing,3,CA
1230,Inc5000 Company List,1230,23381,1230,122,Jobvite,San Mateo,San Francisco,354.86,14522426,Human Resources,2,CA
1233,Inc5000 Company List,1233,19304,1233,97,Integrated Practice Solutions,San Diego,San Diego,353.91,22550000,Health,4,CA
1234,Inc5000 Company List,1234,19253,1234,73,Black Mountain Systems,San Diego,San Diego,352.73,16187778,Software,4,CA
1235,Inc5000 Company List,1235,25364,1235,10,RockFlowerPaper,San Anselmo,San Francisco,352.61,3655913,Consumer Products & Services,1,CA
1239,Inc5000 Company List,1239,25499,1239,10,Maxpcb,Arcadia,Los Angeles,351.92,2707000,Manufacturing,1,CA
1242,Inc5000 Company List,1242,26330,1242,31,Ducerus,Carlsbad,San Diego,350.55,3438843,Education,1,CA
1245,Inc5000 Company List,1245,19237,1245,110,Prodege,El Segundo,Los Angeles,349.8,52886897,Advertising & Marketing,4,CA
1253,Inc5000 Company List,1253,23198,1253,45,BH Cosmetics,Burbank,Los Angeles,346.59,13656850,Retail,2,CA
1262,Inc5000 Company List,1262,25492,1262,160,Sovereign Health of California,San Clemente,Los Angeles,343.32,14322755,Health,1,CA
1263,Inc5000 Company List,1263,25787,1263,31,Maverick Brands,Mountain View,San Jose,342.71,22417047,Food & Beverage,1,CA
1267,Inc5000 Company List,1267,23484,1267,49,PAL General Engineering,San Diego,San Diego,342.35,16698640,Construction,2,CA
1268,Inc5000 Company List,1268,25696,1268,75,MobiSystems,San Diego,San Diego,342.26,6702869,Software,1,CA
1278,Inc5000 Company List,1278,23588,1278,59,Knight Insurance Group,Los Angeles,Los Angeles,337.96,238414135,Insurance,2,CA
1289,Inc5000 Company List,1289,26199,1289,87,RetailNext,San Jose,San Jose,335.9,7977000,Software,1,CA
1297,Inc5000 Company List,1297,24841,1297,12,Mtell,San Diego,San Diego,332.8,2990270,Software,1,CA
1299,Inc5000 Company List,1299,26562,1299,35,Pacific Western Painting,Vista,San Diego,332.38,2996222,Construction,1,CA
1307,Inc5000 Company List,1307,23007,1307,54,Alternative Technology Solutions,Aliso Viejo,Los Angeles,330.13,9988274,Software,2,CA
1311,Inc5000 Company List,1311,26084,1311,16,Pedego Electric Bikes,Irvine,Los Angeles,329.2,5467255,Consumer Products & Services,1,CA
1312,Inc5000 Company List,1312,23146,1312,25,Fathom (Oakland CA),Oakland,San Francisco,328.65,5654859,Manufacturing,2,CA
1315,Inc5000 Company List,1315,21631,1315,49,Balsam Brands,Redwood City,San Francisco,327.3,51749400,Retail,3,CA
1316,Inc5000 Company List,1316,26102,1316,14,Alcance Media Group,San Francisco,San Francisco,327.12,3821365,Advertising & Marketing,1,CA
1319,Inc5000 Company List,1319,25051,1319,25,GigaSavvy,Irvine,Los Angeles,325.68,2449010,Advertising & Marketing,1,CA
1320,Inc5000 Company List,1320,26534,1320,26,VOIPo,Newport Beach,Los Angeles,325.49,3898920,IT Services,1,CA
1326,Inc5000 Company List,1326,25537,1326,80,Central Business Solutions,Newark,San Francisco,324.76,3947459,IT Services,1,CA
1327,Inc5000 Company List,1327,20943,1327,645,Patxi's Pizza,Sausalito,San Francisco,324.43,21780130,Food & Beverage,4,CA
1332,Inc5000 Company List,1332,20399,1332,987,Verengo Solar,Torrance,Los Angeles,323.96,115749457,Energy,4,CA
1347,Inc5000 Company List,1347,17606,1347,78,PayLease,San Diego,San Diego,319.62,19823908,Financial Services,5,CA
1364,Inc5000 Company List,1364,25915,1364,62,TakeLessons,San Diego,San Diego,315.96,10282873,Software,1,CA
1368,Inc5000 Company List,1368,21365,1368,17,Retail Radio,Citrus Heights,Sacramento--Arden-Arcade--Roseville CA,314.09,4782217,Advertising & Marketing,3,CA
1381,Inc5000 Company List,1381,26175,1381,10,Access Networks,Encino,Los Angeles,310.05,5533484,IT Services,1,CA
1384,Inc5000 Company List,1384,25192,1384,102,A-Fordable Billing Solution,Pasadena,Los Angeles,309.6,4400717,Health,1,CA
1403,Inc5000 Company List,1403,26555,1403,30,Profuse Solutions,Walnut,Los Angeles,305.25,2264291,IT Services,1,CA
1416,Inc5000 Company List,1416,23313,1416,59,R3 Strategic Support Group,Coronado,San Diego,301.94,7247459,Government Services,2,CA
1418,Inc5000 Company List,1418,21217,1418,48,ScanDigital,Torrance,Los Angeles,301.83,5639978,Consumer Products & Services,3,CA
1420,Inc5000 Company List,1420,21926,1420,15,Summerset Professional Grills,Costa Mesa,Los Angeles,300.24,9086935,Consumer Products & Services,3,CA
1439,Inc5000 Company List,1439,25656,1439,38,LiveLife Fashions,Los Angeles,Los Angeles,296.62,16974649,Consumer Products & Services,1,CA
1440,Inc5000 Company List,1440,19415,1440,24,Desert Jet,Thermal,El Centro CA,296.47,8753043,Logistics & Transportation,4,CA
1445,Inc5000 Company List,1445,369,1445,818,Mindbody,San Luis Obispo,San Luis Obispo-Paso Robles CA,295.1,48716000,Software,7,CA
1449,Inc5000 Company List,1449,19851,1449,77,Invenios,Santa Barbara,Santa Barbara-Santa Maria-Goleta CA,294.73,12968978,Manufacturing,4,CA
1454,Inc5000 Company List,1454,26391,1454,6,Katalyst Group,Pacific Palisades,Los Angeles,293.81,2020634,Human Resources,1,CA
1469,Inc5000 Company List,1469,23742,1469,22,Lief Labs,Valencia,Los Angeles,290.58,5390000,Health,2,CA
1481,Inc5000 Company List,1481,25688,1481,135,Alta Vista Solutions,Richmond,San Francisco,289.45,26182331,Engineering,1,CA
1495,Inc5000 Company List,1495,26206,1495,5625,Menchie's Frozen Yogurt,Encino,Los Angeles,287.14,190787452,Food & Beverage,1,CA
1501,Inc5000 Company List,1501,21220,1501,8,BookPal,Irvine,Los Angeles,285.96,5009011,Consumer Products & Services,3,CA
1506,Inc5000 Company List,1506,2658,1506,91,SADA Systems,North Hollywood,Los Angeles,284.71,28404617,IT Services,7,CA
1508,Inc5000 Company List,1508,17352,1508,8,Sundia,Orinda,San Francisco,283.78,39140430,Food & Beverage,5,CA
1509,Inc5000 Company List,1509,21893,1509,14,Stimulant,San Francisco,San Francisco,283.6,4749925,Software,3,CA
1513,Inc5000 Company List,1513,23435,1513,82,Redhorse,San Diego,San Diego,283.24,8204095,Engineering,2,CA
1515,Inc5000 Company List,1515,26287,1515,64,Celigo,Redwood City,San Francisco,283.1,6302000,Software,1,CA
1516,Inc5000 Company List,1516,26410,1516,37,McWire Electric,El Cajon,San Diego,283.09,3162282,Construction,1,CA
1529,Inc5000 Company List,1529,23393,1529,13,Dash Two,Culver City,Los Angeles,279.46,6207825,Advertising & Marketing,2,CA
1533,Inc5000 Company List,1533,25700,1533,45,TargetCW,San Diego,San Diego,278.58,83881246,Human Resources,1,CA
1541,Inc5000 Company List,1541,21343,1541,24,Benz Communications,San Francisco,San Francisco,276.86,4199824,Human Resources,3,CA
1555,Inc5000 Company List,1555,24164,1555,7,VAVi Sport & Social Club,San Diego,San Diego,273.19,8017000,Consumer Products & Services,2,CA
1558,Inc5000 Company List,1558,23521,1558,1387,Stearns Lending,Santa Ana,Los Angeles,273.02,473041000,Financial Services,2,CA
1572,Inc5000 Company List,1572,21576,1572,48,DuChateau Floors,San Diego,San Diego,271.09,35636379,Construction,3,CA
1577,Inc5000 Company List,1577,25316,1577,39,Suna Solutions,Walnut Creek,San Francisco,270.38,33601450,Business Products & Services,1,CA
1578,Inc5000 Company List,1578,24815,1578,11,Graphics & More,Rancho Cordova,Sacramento--Arden-Arcade--Roseville CA,270.25,2121788,Consumer Products & Services,1,CA
1586,Inc5000 Company List,1586,19416,1586,27,Network Solutions Provider,Long Beach,Los Angeles,268.31,9676875,Telecommunications,4,CA
1595,Inc5000 Company List,1595,23129,1595,177,Ustream,San Francisco,San Francisco,267.03,21886000,Media,2,CA
1605,Inc5000 Company List,1605,23652,1605,10,Nine Space,City of Industry,Los Angeles,265.11,2613326,Consumer Products & Services,2,CA
1608,Inc5000 Company List,1608,21124,1608,49,School Tech Supply,Westlake Village,Los Angeles,264.88,16729309,Education,3,CA
1615,Inc5000 Company List,1615,26367,1615,24,Digital Operative,San Diego,San Diego,263.79,2196720,Advertising & Marketing,1,CA
1623,Inc5000 Company List,1623,26620,1623,40,CharTec,Bakersfield,Bakersfield CA,262.46,10382361,IT Services,1,CA
1638,Inc5000 Company List,1638,25904,1638,73,Gigaom,San Francisco,San Francisco,259.81,14396000,Media,1,CA
1640,Inc5000 Company List,1640,26449,1640,17,ENow,Corona,Riverside-San Bernardino-Ontario CA,259.14,3136347,Software,1,CA
1660,Inc5000 Company List,1660,26584,1660,182,Zoosk,San Francisco,San Francisco,254.38,178232000,Consumer Products & Services,1,CA
1662,Inc5000 Company List,1662,25589,1662,48,Livingly Media,San Carlos,San Francisco,253.84,10587000,Media,1,CA
1668,Inc5000 Company List,1668,111,1668,195,BlackLine Systems,Los Angeles,Los Angeles,252.78,36557497,Software,7,CA
1669,Inc5000 Company List,1669,21408,1669,225,Symons Ambulance,San Bernardino,Riverside-San Bernardino-Ontario CA,252.45,5623189,Health,3,CA
1674,Inc5000 Company List,1674,24790,1674,73,JSL Technologies,Oxnard,Oxnard-Thousand Oaks-Ventura CA,251.55,4424262,Government Services,1,CA
1675,Inc5000 Company List,1675,23461,1675,15,HireAHelper,Oceanside,San Diego,251.48,7923830,Logistics & Transportation,2,CA
1676,Inc5000 Company List,1676,23580,1676,30,Rickshaw Bagworks,San Francisco,San Francisco,251.31,2417000,Consumer Products & Services,2,CA
1679,Inc5000 Company List,1679,17416,1679,361,TrueCar,Santa Monica,Los Angeles,251.14,133958000,Consumer Products & Services,3,CA
1681,Inc5000 Company List,1681,21246,1681,106,Netwrix,Irvine,Los Angeles,250.96,8584176,Software,3,CA
1682,Inc5000 Company List,1682,24812,1682,25,NAPA Center,Hawthorne,Los Angeles,250.93,2017268,Health,1,CA
1687,Inc5000 Company List,1687,23094,1687,48,Column Five Media,Newport Beach,Los Angeles,249.74,5508929,Advertising & Marketing,2,CA
1700,Inc5000 Company List,1700,23380,1700,75,AnchorFree,Mountain View,San Jose,247.35,28795523,Security,2,CA
1704,Inc5000 Company List,1704,23278,1704,100,Novasyte,Carlsbad,San Diego,246.72,6252019,Health,2,CA
1720,Inc5000 Company List,1720,19683,1720,50,MCT Trading,San Diego,San Diego,243.86,9286038,Business Products & Services,4,CA
1724,Inc5000 Company List,1724,21827,1724,511,Fractal Analytics,San Mateo,San Francisco,243.15,22861016,Business Products & Services,3,CA
1734,Inc5000 Company List,1734,3899,1734,110,ClickAway,Campbell,San Jose,240.65,20390274,Computer Hardware,7,CA
1737,Inc5000 Company List,1737,23780,1737,89,Freshlunches,Northridge,Los Angeles,240.06,3364619,Food & Beverage,2,CA
1757,Inc5000 Company List,1757,25458,1757,32,TYT Network,Culver City,Los Angeles,237.13,4199515,Media,1,CA
1758,Inc5000 Company List,1758,25850,1758,9,MedResults Network,Huntington Beach,Los Angeles,236.95,3038848,Health,1,CA
1761,Inc5000 Company List,1761,23516,1761,36,Highwire Public Relations,San Francisco,San Francisco,235.71,6022256,Advertising & Marketing,2,CA
1763,Inc5000 Company List,1763,1627,1763,522,Access Information Management,Livermore,San Francisco,235.39,108048000,Business Products & Services,6,CA
1766,Inc5000 Company List,1766,21193,1766,1587,Revolution Foods,Oakland,San Francisco,234.77,76527940,Food & Beverage,4,CA
1773,Inc5000 Company List,1773,23701,1773,37,AdSupply,Culver City,Los Angeles,233.75,9108830,Advertising & Marketing,2,CA
1777,Inc5000 Company List,1777,23591,1777,350,Teles Properties,Beverly Hills,Los Angeles,233.21,52257956,Real Estate,2,CA
1778,Inc5000 Company List,1778,26481,1778,11,Industrial Security Solutions,Huntington Beach,Los Angeles,233.05,3670712,Business Products & Services,1,CA
1779,Inc5000 Company List,1779,26302,1779,23,Shopoff Realty Investments,Irvine,Los Angeles,232.96,3999922,Real Estate,1,CA
1781,Inc5000 Company List,1781,23676,1781,220,Netronome,Santa Clara,San Jose,232.77,37791848,Software,2,CA
1782,Inc5000 Company List,1782,24198,1782,72,Horizon Communications Technologies,Irvine,Los Angeles,232.7,13377904,Telecommunications,2,CA
1804,Inc5000 Company List,1804,25837,1804,1600,Medical Scribe Systems,El Segundo,Los Angeles,228.72,17349627,Health,1,CA
1808,Inc5000 Company List,1808,7509,1808,533,Five9,San Ramon,San Francisco,228.37,84132000,Software,5,CA
1809,Inc5000 Company List,1809,21718,1809,60,Ammo Brothers,Ontario,Riverside-San Bernardino-Ontario CA,228.07,19708530,Retail,3,CA
1815,Inc5000 Company List,1815,18210,1815,89,InfoStretch,Santa Clara,San Jose,227.69,21257300,Software,5,CA
1816,Inc5000 Company List,1816,22141,1816,22,Ink Studios,Irvine,Los Angeles,227.42,6607351,Advertising & Marketing,3,CA
1851,Inc5000 Company List,1851,23833,1851,138,Velocify,El Segundo,Los Angeles,221.68,29614000,Software,2,CA
1862,Inc5000 Company List,1862,23768,1862,53,BBI Technologies,Santa Clara,San Jose,220.7,4300746,IT Services,2,CA
1875,Inc5000 Company List,1875,19778,1875,136,Scorpion Design,Valencia,Los Angeles,218.76,26056913,Advertising & Marketing,4,CA
1880,Inc5000 Company List,1880,19657,1880,55,InfoObjects,Santa Clara,San Jose,218.55,8520144,IT Services,4,CA
1885,Inc5000 Company List,1885,22329,1885,30,ImportLA,Baldwin Park,Los Angeles,218.33,10696987,Business Products & Services,3,CA
1886,Inc5000 Company List,1886,23978,1886,21,Data Hardware Depot,Santa Barbara,Santa Barbara-Santa Maria-Goleta CA,217.86,15538150,Telecommunications,2,CA
1900,Inc5000 Company List,1900,26489,1900,23,Biomatrica,San Diego,San Diego,216.07,3009000,Health,1,CA
1901,Inc5000 Company List,1901,25533,1901,50,Perfect Bar,San Diego,San Diego,215.89,6588258,Food & Beverage,1,CA
1918,Inc5000 Company List,1918,2309,1918,38,Bruce Clay,Moorpark,Oxnard-Thousand Oaks-Ventura CA,212.53,13604638,Advertising & Marketing,8,CA
1919,Inc5000 Company List,1919,26443,1919,17,Bhava Communications,Emeryville,San Francisco,212.5,2773845,Advertising & Marketing,1,CA
1934,Inc5000 Company List,1934,22058,1934,439,Gazelle Transportation,Bakersfield,Bakersfield CA,209.67,59714870,Logistics & Transportation,3,CA
1946,Inc5000 Company List,1946,24136,1946,59,Netpace,San Ramon,San Francisco,208.45,11961999,IT Services,2,CA
1951,Inc5000 Company List,1951,21726,1951,58,TGG Accounting,San Diego,San Diego,208.03,5216173,Financial Services,3,CA
1954,Inc5000 Company List,1954,1546,1954,124,Sentek Global,San Diego,San Diego,207.66,28712813,Government Services,7,CA
1957,Inc5000 Company List,1957,17811,1957,29,Sandler Partners,Hermosa Beach,Los Angeles,207.37,22927724,Telecommunications,5,CA
1961,Inc5000 Company List,1961,26457,1961,183,InsideView Technologies,San Francisco,San Francisco,207.11,12748677,Software,1,CA
1970,Inc5000 Company List,1970,23524,1970,20,American Preferred Lending,San Diego,San Diego,206.26,4746944,Financial Services,2,CA
1974,Inc5000 Company List,1974,23838,1974,29,Sonic Boom Wellness,Carlsbad,San Diego,206.18,3474071,Health,2,CA
1977,Inc5000 Company List,1977,25341,1977,41,Clean Solar,San Jose,San Jose,205.99,7506000,Energy,1,CA
1978,Inc5000 Company List,1978,26519,1978,17,MASHstudios,Los Angeles,Los Angeles,205.9,4460000,Engineering,1,CA
1982,Inc5000 Company List,1982,25534,1982,14,Tabbara,Camarillo,Oxnard-Thousand Oaks-Ventura CA,205.53,2003400,Environmental Services,1,CA
1987,Inc5000 Company List,1987,22080,1987,102,Realty ONE Group,Irvine,Los Angeles,204.97,21525447,Real Estate,6,CA
1990,Inc5000 Company List,1990,26604,1990,40,Untangle,Sunnyvale,San Jose,204.79,5825493,Security,1,CA
1993,Inc5000 Company List,1993,23660,1993,29,J Public Relations,San Diego,San Diego,204.51,3325463,Travel & Hospitality,2,CA
1996,Inc5000 Company List,1996,21582,1996,68,Miva Merchant,San Diego,San Diego,204.03,9239104,Software,3,CA
2013,Inc5000 Company List,2013,25615,2013,124,Royal Business Bank,Los Angeles,San Diego,201.57,32071383,Financial Services,1,CA
2018,Inc5000 Company List,2018,22951,2018,39,Evolving Wisdom,San Rafael,San Francisco,200.62,7423938,Education,2,CA
2019,Inc5000 Company List,2019,21415,2019,24,DZ Solutions Enterprises,Los Angeles,Los Angeles,200.58,30098465,IT Services,3,CA
2024,Inc5000 Company List,2024,23959,2024,40,Giant Partners,Westlake Village,Los Angeles,199.86,6941170,Advertising & Marketing,2,CA
2041,Inc5000 Company List,2041,2437,2041,704,Account Control Technology,Woodland Hills,Los Angeles,198.12,78786048,Financial Services,8,CA
2042,Inc5000 Company List,2042,23680,2042,20,Carver Skateboards,El Segundo,Los Angeles,198.1,2987000,Consumer Products & Services,2,CA
2044,Inc5000 Company List,2044,22078,2044,26,Reliant Foodservice,Temecula,Riverside-San Bernardino-Ontario CA,197.82,16936309,Food & Beverage,3,CA
2060,Inc5000 Company List,2060,25270,2060,9,MojoPages,San Diego,San Diego,194.97,4177523,Consumer Products & Services,1,CA
2069,Inc5000 Company List,2069,19670,2069,138,Bridgelux,Livermore,San Francisco,194.4,94020268,Manufacturing,4,CA
2073,Inc5000 Company List,2073,22023,2073,28,Great Ecology,La Jolla,San Diego,193.88,3986629,Environmental Services,3,CA
2091,Inc5000 Company List,2091,26442,2091,20,UserVoice,San Francisco,San Francisco,191.43,3227861,Software,1,CA
2095,Inc5000 Company List,2095,23270,2095,35,GreenGeeks,Agoura Hills,Los Angeles,190.86,2975857,IT Services,2,CA
2107,Inc5000 Company List,2107,23057,2107,49,VinoPRO,Santa Rosa,,189.86,2800060,Food & Beverage,2,CA
2113,Inc5000 Company List,2113,25741,2113,70,Qubera Solutions,Redwood City,San Francisco,189.26,10454606,Security,1,CA
2116,Inc5000 Company List,2116,23545,2116,5,iMarine USA,Thousand Oaks,Oxnard-Thousand Oaks-Ventura CA,188.77,3214103,Retail,2,CA
2117,Inc5000 Company List,2117,26200,2117,118,Evolve Discovery,San Francisco,San Francisco,188.68,21260614,Business Products & Services,1,CA
2139,Inc5000 Company List,2139,23190,2139,19,GreenJobInterview,Costa Mesa,Los Angeles,186.39,3142204,Software,2,CA
2149,Inc5000 Company List,2149,2369,2149,30,Bleu Marketing Solutions,San Francisco,San Francisco,184.79,12461189,Advertising & Marketing,5,CA
2156,Inc5000 Company List,2156,24914,2156,22,ArborBridge Group,Santa Monica,Los Angeles,184.45,3111501,Education,1,CA
2161,Inc5000 Company List,2161,4421,2161,37,Premier Staffing,San Francisco,San Francisco,183.56,18989239,Human Resources,5,CA
2171,Inc5000 Company List,2171,25969,2171,36,TechMD,Costa Mesa,Los Angeles,182.98,4049928,IT Services,1,CA
2183,Inc5000 Company List,2183,21162,2183,90,Chrome River Technologies,Los Angeles,Los Angeles,181.91,12247723,Software,3,CA
2184,Inc5000 Company List,2184,24945,2184,371,Canvas Infotech,Fremont,San Francisco,181.76,17680506,Human Resources,1,CA
2191,Inc5000 Company List,2191,18259,2191,375,D&K Engineering,San Diego,San Diego,180.68,85401605,Manufacturing,5,CA
2195,Inc5000 Company List,2195,24986,2195,345,Title365 Company,Newport Beach,Los Angeles,180,53719306,Insurance,1,CA
2203,Inc5000 Company List,2203,25667,2203,20,IMPEX Technologies,El Segundo,Los Angeles,179.13,32091000,IT Services,1,CA
2230,Inc5000 Company List,2230,24854,2230,8,Real Estate Heaven,South Pasadena,Los Angeles,175.82,2965109,Real Estate,1,CA
2233,Inc5000 Company List,2233,23520,2233,15,Dawson & Dawson Staffing,Mission Viejo,Los Angeles,174.79,3301121,Human Resources,2,CA
2234,Inc5000 Company List,2234,26610,2234,128,New Home,Aliso Viejo,Los Angeles,174.74,83228485,Construction,1,CA
2249,Inc5000 Company List,2249,26520,2249,10,GNT Solutions,Sacramento,Sacramento--Arden-Arcade--Roseville CA,173.85,2671472,IT Services,1,CA
2255,Inc5000 Company List,2255,21486,2255,469,Coupons.com,Mountain View,San Jose,173.41,167892000,Consumer Products & Services,2,CA
2280,Inc5000 Company List,2280,26435,2280,50,Hale Glass,Placentia,Los Angeles,170.75,11185299,Construction,1,CA
2282,Inc5000 Company List,2282,26358,2282,35,Senturus,Burlingame,San Francisco,170.59,9320200,IT Services,1,CA
2294,Inc5000 Company List,2294,26384,2294,28,Cord Media,Palm Desert,Riverside-San Bernardino-Ontario CA,169.97,7774461,Advertising & Marketing,1,CA
2305,Inc5000 Company List,2305,18532,2305,34219,Universal Services of America,Santa Ana,Los Angeles,168.96,802076555,Security,5,CA
2328,Inc5000 Company List,2328,21759,2328,14,Systema Software,Larkspur,San Francisco,166.73,3546142,Insurance,3,CA
2339,Inc5000 Company List,2339,20164,2339,43,SimpleSignal,Dana Point,Los Angeles,166.2,11339519,Telecommunications,4,CA
2346,Inc5000 Company List,2346,23490,2346,48,GRS Group,Irvine,Los Angeles,165.76,15074385,Real Estate,2,CA
2347,Inc5000 Company List,2347,21924,2347,32,Stage 4 Solutions,Saratoga,San Jose,165.72,4226599,Advertising & Marketing,3,CA
2351,Inc5000 Company List,2351,17514,2351,310,Retail Solutions,Mountain View,San Jose,165.46,47324000,Software,5,CA
2356,Inc5000 Company List,2356,21520,2356,15,Tuscany Pavers,Escondido,San Diego,164.67,4041917,Construction,3,CA
2359,Inc5000 Company List,2359,25815,2359,2000,Admiral Security Services,Concord,San Francisco,164.53,12851525,Security,1,CA
2361,Inc5000 Company List,2361,25673,2361,40,Interpreters Unlimited,San Diego,San Diego,164.28,13584243,Business Products & Services,1,CA
2383,Inc5000 Company List,2383,25946,2383,130,Royal Truck Body,Paramount,Los Angeles,161.73,18938622,Manufacturing,1,CA
2400,Inc5000 Company List,2400,23850,2400,31,I Color Printing & Mailing,Los Angeles,Los Angeles,160.54,5631987,Business Products & Services,2,CA
2413,Inc5000 Company List,2413,19289,2413,95,VIP International,Rancho Cordova,Sacramento--Arden-Arcade--Roseville CA,159.32,9998951,Retail,4,CA
2415,Inc5000 Company List,2415,19746,2415,110,Network Capital,Irvine,Los Angeles,159.23,26465561,Financial Services,4,CA
2416,Inc5000 Company List,2416,25604,2416,12,Payscout,Van Nuys,Los Angeles,159.22,2577161,Financial Services,1,CA
2421,Inc5000 Company List,2421,24012,2421,363,United Capital Financial Advisers,Newport Beach,Los Angeles,158.79,86691894,Financial Services,2,CA
2423,Inc5000 Company List,2423,17483,2423,140,Central Payment,San Rafael,San Francisco,158.7,135842670,Financial Services,5,CA
2436,Inc5000 Company List,2436,19880,2436,35,Data Path,Modesto,Stockton CA,157.27,5708690,IT Services,4,CA
2454,Inc5000 Company List,2454,20334,2454,185,Source Logistics,Montebello,Los Angeles,155.96,31803711,Logistics & Transportation,4,CA
2467,Inc5000 Company List,2467,19322,2467,63,Mobifusion,Fremont,San Francisco,154.85,7495955,Media,4,CA
2469,Inc5000 Company List,2469,25822,2469,29,Core 3 Technologies,Irvine,Los Angeles,154.61,16081722,Computer Hardware,1,CA
2476,Inc5000 Company List,2476,17924,2476,48,Wound Care Advantage,Sierra Madre,Los Angeles,154.37,15792128,Health,5,CA
2492,Inc5000 Company List,2492,1987,2492,80,The FruitGuys,South San Francisco,San Francisco,152.46,18482000,Food & Beverage,7,CA
2496,Inc5000 Company List,2496,21691,2496,14,Lenny & Larry's,Northridge,Los Angeles,152.35,7027511,Food & Beverage,3,CA
2502,Inc5000 Company List,2502,23436,2502,10,Advantage Capital Funds,Studio City,Los Angeles,151.69,3823893,Financial Services,2,CA
2504,Inc5000 Company List,2504,23728,2504,6,Schox Patent Group,San Francisco,San Francisco,151.51,2844955,Business Products & Services,2,CA
2515,Inc5000 Company List,2515,1040,2515,35,Growthink,Los Angeles,Los Angeles,150.08,9628170,Financial Services,3,CA
2536,Inc5000 Company List,2536,23869,2536,43,TekTegrity,San Luis Obispo,San Luis Obispo-Paso Robles CA,148.89,4871987,IT Services,2,CA
2544,Inc5000 Company List,2544,1760,2544,445,DealerSocket,San Clemente,Los Angeles,148.15,60818000,Software,5,CA
2545,Inc5000 Company List,2545,21964,2545,18,Solar Art,Laguna Hills,Los Angeles,148.15,2680000,Energy,3,CA
2564,Inc5000 Company List,2564,25482,2564,22,High Rank Websites,San Diego,San Diego,146.82,4548293,Advertising & Marketing,1,CA
2566,Inc5000 Company List,2566,23703,2566,166,Solar Universe,Livermore,San Francisco,146.7,57208745,Energy,2,CA
2573,Inc5000 Company List,2573,26054,2573,6,Farar & Lewis LLP,Los Angeles,Los Angeles,146.15,6388330,Consumer Products & Services,1,CA
2582,Inc5000 Company List,2582,25680,2582,24,Inkovation,Santa Fe Springs,Los Angeles,145.54,3989858,Business Products & Services,1,CA
2597,Inc5000 Company List,2597,26591,2597,838,Good Technology,Sunnyvale,San Jose,144.48,160384000,Software,1,CA
2599,Inc5000 Company List,2599,2751,2599,63,DiversifiedTechnical Systems,Seal Beach,Los Angeles,144.46,18726876,Manufacturing,3,CA
2600,Inc5000 Company List,2600,26308,2600,137,Swirl,San Francisco,San Francisco,144.44,22589315,Advertising & Marketing,1,CA
2607,Inc5000 Company List,2607,23333,2607,4,Interticket USA,Irvine,Los Angeles,144.01,2321859,Advertising & Marketing,2,CA
2623,Inc5000 Company List,2623,26619,2623,26,California Midwest Xpress,Torrance,Los Angeles,143.29,4149255,Logistics & Transportation,1,CA
2650,Inc5000 Company List,2650,193,2650,355,Ignify,Long Beach,Los Angeles,141.59,17807664,IT Services,6,CA
2651,Inc5000 Company List,2651,364,2651,46,AnswerLab,San Francisco,San Francisco,141.57,8857219,Business Products & Services,6,CA
2654,Inc5000 Company List,2654,24286,2654,29,IMPRES Technology Solutions,Santa Fe Springs,Los Angeles,141.31,36963967,Government Services,2,CA
2656,Inc5000 Company List,2656,24405,2656,22,Seacomp,Carlsbad,San Diego,141.28,14892510,Manufacturing,2,CA
2661,Inc5000 Company List,2661,21495,2661,13,pMD,San Francisco,San Francisco,141.15,3760957,Health,3,CA
2662,Inc5000 Company List,2662,3708,2662,43,Blue Tech,San Diego,San Diego,141.04,184320227,Computer Hardware,8,CA
2663,Inc5000 Company List,2663,24219,2663,646,Pacific Union Real Estate,San Francisco,San Francisco,140.97,5528202691,Real Estate,2,CA
2669,Inc5000 Company List,2669,17715,2669,275,Sullivan Solar Power,San Diego,San Diego,140.66,27911049,Energy,5,CA
2670,Inc5000 Company List,2670,1170,2670,57,Rescue Social Change Group,San Diego,San Diego,140.62,7573792,Advertising & Marketing,6,CA
2695,Inc5000 Company List,2695,581,2695,112,Synoptek,Irvine,Los Angeles,139.27,17037730,IT Services,4,CA
2701,Inc5000 Company List,2701,21490,2701,28,LegalForce RAPC Worldwide,Mountain View,San Jose,138.95,7091865,Business Products & Services,3,CA
2713,Inc5000 Company List,2713,24013,2713,49,Jax & Bones,Baldwin Park,Los Angeles,138.03,2655009,Consumer Products & Services,2,CA
2729,Inc5000 Company List,2729,20287,2729,25,American Fireglass,Lake Elsinore,Riverside-San Bernardino-Ontario CA,137.05,5326500,Manufacturing,4,CA
2743,Inc5000 Company List,2743,24162,2743,29,Rhythm Interactive,Irvine,Los Angeles,136.29,5000492,Advertising & Marketing,2,CA
2748,Inc5000 Company List,2748,17831,2748,23,Motive Interactive,San Diego,San Diego,135.81,19104601,Advertising & Marketing,2,CA
2759,Inc5000 Company List,2759,23910,2759,8,Sencha Naturals,Los Angeles,Los Angeles,134.72,3231961,Manufacturing,2,CA
2761,Inc5000 Company List,2761,20937,2761,150,Kriser's,Santa Monica,Los Angeles,134.59,14167161,Retail,4,CA
2781,Inc5000 Company List,2781,22493,2781,200,Meathead Movers,San Luis Obispo,San Luis Obispo-Paso Robles CA,133.33,7245632,Logistics & Transportation,3,CA
2782,Inc5000 Company List,2782,8488,2782,3565,Security Industry Specialist,Culver CIty,Los Angeles,133.23,118291203,Security,5,CA
2794,Inc5000 Company List,2794,20200,2794,61,Riviera Partners,San Francisco,San Francisco,132.38,13980000,Human Resources,4,CA
2805,Inc5000 Company List,2805,305,2805,57,PowerON Services,Roseville,Sacramento--Arden-Arcade--Roseville CA,131.65,24463339,Computer Hardware,7,CA
2814,Inc5000 Company List,2814,19887,2814,41,Ingenium,Escondido,San Diego,131.23,8875450,Environmental Services,4,CA
2815,Inc5000 Company List,2815,26053,2815,10,The Aramco Group,Carlsbad,San Diego,131.17,3113010,Real Estate,1,CA
2822,Inc5000 Company List,2822,18012,2822,15,Historical Emporium,San Jose,San Jose,130.67,7137342,Retail,5,CA
2831,Inc5000 Company List,2831,6280,2831,49,Cambria Solutions,Sacramento,,130.23,15198217,Business Products & Services,6,CA
2844,Inc5000 Company List,2844,2770,2844,626,Nexus,Valencia,Los Angeles,129.64,471034904,IT Services,6,CA
2852,Inc5000 Company List,2852,20076,2852,66,Vision33,Irvine,Los Angeles,129.08,19107027,IT Services,4,CA
2870,Inc5000 Company List,2870,24435,2870,48,Tom Ferry - Your Coach,Irvine,Los Angeles,127.95,10590720,Real Estate,2,CA
2874,Inc5000 Company List,2874,19919,2874,288,Vino Volo,San Francisco,San Francisco,127.82,28339898,Food & Beverage,4,CA
2877,Inc5000 Company List,2877,25655,2877,47,Alpha Net Consulting,Santa Clara,San Jose,127.48,10410000,IT Services,1,CA
2879,Inc5000 Company List,2879,23875,2879,58,DataSong,San Francisco,San Francisco,127.29,6036230,Advertising & Marketing,2,CA
2881,Inc5000 Company List,2881,22427,2881,46,Andrew Christian,Glendale,Los Angeles,127.22,15280185,Retail,3,CA
2883,Inc5000 Company List,2883,24049,2883,9,Diablo Flooring,Pleasanton,San Francisco,127.21,2943906,Retail,2,CA
2896,Inc5000 Company List,2896,19840,2896,13,Bird Rock Systems,San Diego,San Diego,125.94,10036465,IT Services,4,CA
2899,Inc5000 Company List,2899,26240,2899,365,Centrify,Santa Clara,San Jose,125.67,45324628,Software,1,CA
2900,Inc5000 Company List,2900,662,2900,165,YapStone,Walnut Creek,San Francisco,125.61,88053519,Financial Services,7,CA
2901,Inc5000 Company List,2901,17660,2901,1500,Canon Recruiting Group,Santa Clarita,Los Angeles,125.6,10746689,Human Resources,5,CA
2911,Inc5000 Company List,2911,17956,2911,400,Salesify,Redwood City,San Francisco,124.93,7413352,Business Products & Services,5,CA
2927,Inc5000 Company List,2927,19639,2927,120,Nitro,San Francisco,San Francisco,123.77,20011950,Software,4,CA
2932,Inc5000 Company List,2932,186,2932,72,cPrime,Foster City,San Francisco,123.38,20736922,IT Services,6,CA
2939,Inc5000 Company List,2939,24079,2939,140,Lollicup USA,Chino,Riverside-San Bernardino-Ontario CA,122.93,60030547,Business Products & Services,2,CA
2955,Inc5000 Company List,2955,26222,2955,9,IQR Consulting,Santa Rosa,Santa Rosa-Petaluma CA,122.06,2023000,Financial Services,1,CA
2956,Inc5000 Company List,2956,25350,2956,272,Accurate Background,Irvine,Los Angeles,122.05,28083983,Human Resources,1,CA
2962,Inc5000 Company List,2962,19229,2962,87,Phone Power,Winnetka,Los Angeles,121.86,17283580,Telecommunications,3,CA
2963,Inc5000 Company List,2963,20317,2963,33,The Asylum,Burbank,Los Angeles,121.68,18080241,Media,4,CA
2980,Inc5000 Company List,2980,23961,2980,52,Redtail Technology,Gold River,Sacramento--Arden-Arcade--Roseville CA,120.58,7311661,Software,2,CA
3002,Inc5000 Company List,3002,19820,3002,84,KBA Docusys,Union City,San Francisco,118.87,20748094,Business Products & Services,4,CA
3015,Inc5000 Company List,3015,1616,3015,628,Stone Brewing,Escondido,San Diego,118.4,136330955,Food & Beverage,10,CA
3016,Inc5000 Company List,3016,26529,3016,22,Substance Over Form,Los Angeles,Los Angeles,118.35,15139835,Consumer Products & Services,1,CA
3029,Inc5000 Company List,3029,21762,3029,174,Linktech Worldwide,Beverly Hills,Los Angeles,117.74,12239029,Advertising & Marketing,3,CA
3033,Inc5000 Company List,3033,4393,3033,48,DEB Construction,Anaheim,Los Angeles,117.57,36521481,Construction,3,CA
3044,Inc5000 Company List,3044,21922,3044,20,Interactive Education Concepts,Encino,Los Angeles,116.99,3904359,Education,2,CA
3054,Inc5000 Company List,3054,22930,3054,33,Lead5 Media,Newark,San Francisco,116.42,33026032,Advertising & Marketing,2,CA
3077,Inc5000 Company List,3077,22460,3077,18,OMW,Novato,San Francisco,115.22,3001101,Manufacturing,3,CA
3078,Inc5000 Company List,3078,17467,3078,75,SaveOnResorts.com,Carlsbad,San Diego,115.2,7396903,Travel & Hospitality,3,CA
3088,Inc5000 Company List,3088,22458,3088,116,Richard Brady & Associates,San Diego,San Diego,114.93,42755076,Engineering,3,CA
3089,Inc5000 Company List,3089,24380,3089,30,CentrexIT,San Diego,San Diego,114.88,3330108,IT Services,2,CA
3101,Inc5000 Company List,3101,24564,3101,23,ClickSafety,Walnut Creek,San Francisco,114.06,9406000,Education,2,CA
3103,Inc5000 Company List,3103,25000,3103,41,The Cydio Group,San Diego,San Diego,114.03,3809509,IT Services,1,CA
3104,Inc5000 Company List,3104,24126,3104,1000,STS International (Pleasanton CA),Pleasanton,San Francisco,113.97,43130000,IT Services,2,CA
3110,Inc5000 Company List,3110,1025,3110,182,Choicelunch,San Ramon,San Francisco,113.63,17882083,Food & Beverage,6,CA
3119,Inc5000 Company List,3119,2598,3119,200,XIFIN,San Diego,San Diego,113.14,37744614,Software,8,CA
3121,Inc5000 Company List,3121,20623,3121,1227,Westlake Financial Services,Los Angeles,Los Angeles,113.01,569240000,Financial Services,4,CA
3125,Inc5000 Company List,3125,21094,3125,78,Abbyson Living,Calabasas,Los Angeles,112.89,33605720,Consumer Products & Services,5,CA
3134,Inc5000 Company List,3134,26073,3134,40,ReGreen,Los Angeles,Los Angeles,112.69,14480000,Energy,1,CA
3142,Inc5000 Company List,3142,5492,3142,52,Independent Financial Group,San Diego,San Diego,112.22,96604900,Financial Services,6,CA
3154,Inc5000 Company List,3154,21622,3154,83,Healthcare Data Solutions,Irvine,Los Angeles,111.23,11830000,Health,3,CA
3166,Inc5000 Company List,3166,26249,3166,16,Development Group,Redding,Redding CA,110.76,9528054,IT Services,1,CA
3173,Inc5000 Company List,3173,2910,3173,18,Dynamic Automation,Simi Valley,Oxnard-Thousand Oaks-Ventura CA,110.34,5199617,Manufacturing,2,CA
3189,Inc5000 Company List,3189,2244,3189,17,Humble Abode,Santa Rosa,Santa Rosa-Petaluma CA,109.64,10727154,Retail,8,CA
3192,Inc5000 Company List,3192,24303,3192,100,National Funding,San Diego,San Diego,109.45,26707000,Financial Services,2,CA
3193,Inc5000 Company List,3193,18438,3193,201,Advanced Chemical Transport,Sunnyvale,San Jose,109.37,40189817,Environmental Services,5,CA
3196,Inc5000 Company List,3196,21928,3196,102,San Diego Sign Company,Carlsbad,San Diego,109.14,18069418,Advertising & Marketing,3,CA
3205,Inc5000 Company List,3205,10859,3205,40,Insyght Interactive,Los Angeles,Los Angeles,108.66,10447625,Health,4,CA
3217,Inc5000 Company List,3217,25277,3217,20,LA Furniture Store,Vernon,Los Angeles,108,9537499,Retail,1,CA
3222,Inc5000 Company List,3222,24066,3222,9,Mommy's Bliss,San Rafael,San Francisco,107.69,7267662,Consumer Products & Services,2,CA
3227,Inc5000 Company List,3227,26027,3227,307,TeleDirect Communications,Sacramento,Sacramento--Arden-Arcade--Roseville CA,107.48,13350804,Telecommunications,1,CA
3232,Inc5000 Company List,3232,24121,3232,17,EnvironmentalLights.com,San Diego,San Diego,107.18,9927890,Business Products & Services,2,CA
3242,Inc5000 Company List,3242,1515,3242,44,Attack!,San Francisco,Los Angeles,106.68,16610595,Advertising & Marketing,7,CA
3245,Inc5000 Company List,3245,25312,3245,170,DWA,San Francisco,San Francisco,106.58,17823217,Media,1,CA
3247,Inc5000 Company List,3247,7328,3247,37,Destination Concepts,San Diego,San Diego,106.37,18942343,Business Products & Services,5,CA
3260,Inc5000 Company List,3260,21551,3260,30,OneHope,El Segundo,Los Angeles,105.52,3728136,Consumer Products & Services,3,CA
3280,Inc5000 Company List,3280,1202,3280,12,Peek Packaging,Carlsbad,San Diego,104.01,7529018,Manufacturing,5,CA
3285,Inc5000 Company List,3285,26564,3285,63,Pro-PT,Visalia,Visalia-Porterville CA,103.8,3796168,Health,1,CA
3291,Inc5000 Company List,3291,19773,3291,72,Sigmaways,Fremont,San Francisco,103.38,5344900,IT Services,4,CA
3292,Inc5000 Company List,3292,1173,3292,65,Optimum Design Associates,Pleasanton,San Francisco,103.09,19225406,Computer Hardware,3,CA
3308,Inc5000 Company List,3308,19302,3308,45,ymarketing,Newport Beach,Los Angeles,102.31,45991700,Advertising & Marketing,4,CA
3318,Inc5000 Company List,3318,24307,3318,375,Intermedia (Mountain View CA),Mountain View,San Jose,101.88,112181000,IT Services,2,CA
3321,Inc5000 Company List,3321,17379,3321,74,VOX Network Solutions,South San Francisco,San Francisco,101.65,26087609,Telecommunications,5,CA
3325,Inc5000 Company List,3325,19597,3325,66,Zambezi,Venice,Los Angeles,101.44,14855248,Advertising & Marketing,4,CA
3336,Inc5000 Company List,3336,25616,3336,91,Partners In Leadership,Temecula,Riverside-San Bernardino-Ontario CA,100.88,30663000,Business Products & Services,1,CA
3339,Inc5000 Company List,3339,20047,3339,116,BuyAutoParts.com,San Diego,San Diego,100.63,42175617,Retail,4,CA
3351,Inc5000 Company List,3351,22148,3351,48,Climber.com,San Diego,San Diego,100.24,3622702,Human Resources,3,CA
3357,Inc5000 Company List,3357,24392,3357,1059,EmpireWorks,Irvine,Los Angeles,99.83,29854306,Construction,2,CA
3361,Inc5000 Company List,3361,1674,3361,48,Wireless Emporium,Orange,Los Angeles,99.73,11755500,Telecommunications,7,CA
3365,Inc5000 Company List,3365,23854,3365,8,Proforma Progressive Marketing,Bakersfield,Bakersfield CA,99.69,2594000,Advertising & Marketing,2,CA
3386,Inc5000 Company List,3386,22217,3386,14,Proforma Marketing Agency,Danville,San Francisco,98.95,6808000,Advertising & Marketing,5,CA
3390,Inc5000 Company List,3390,25998,3390,15,858 Graphics,San Diego,San Diego,98.91,2092532,Manufacturing,1,CA
3393,Inc5000 Company List,3393,253,3393,40,Cali Bamboo,San Diego,San Diego,98.63,22464525,Consumer Products & Services,6,CA
3398,Inc5000 Company List,3398,25908,3398,19,Faye Business Systems Group,Woodland Hills,Los Angeles,98.42,2675815,Software,1,CA
3406,Inc5000 Company List,3406,22092,3406,1218,Home Care Assistance,Palo Alto,San Jose,97.98,77497271,Health,3,CA
3420,Inc5000 Company List,3420,26551,3420,51,Kaygen,Irvine,Los Angeles,97.49,10944846,IT Services,1,CA
3422,Inc5000 Company List,3422,2558,3422,364,WideOrbit,San Francisco,San Francisco,97.45,73781250,Software,6,CA
3428,Inc5000 Company List,3428,21835,3428,77,Viscira,San Francisco,San Francisco,97.27,10230009,Software,3,CA
3438,Inc5000 Company List,3438,25995,3438,11,Pizza Factory,Oakhurst,Madera CA,96.81,2900840,Food & Beverage,1,CA
3447,Inc5000 Company List,3447,26063,3447,132,Advanced Flow Engineering,Corona,Riverside-San Bernardino-Ontario CA,96.37,22207482,Manufacturing,1,CA
3466,Inc5000 Company List,3466,1511,3466,397,W2O Group,San Francisco,San Francisco,95.75,89099333,Advertising & Marketing,6,CA
3470,Inc5000 Company List,3470,17921,3470,30,Intueor Consulting,Irvine,Los Angeles,95.58,7965080,Government Services,5,CA
3487,Inc5000 Company List,3487,20857,3487,173,IQMS,Paso Robles,San Luis Obispo-Paso Robles CA,94.71,32225581,Software,4,CA
3492,Inc5000 Company List,3492,1704,3492,900,LogiGear,Foster City,San Francisco,94.56,15157831,Software,4,CA
3494,Inc5000 Company List,3494,25120,3494,150,Bizmatics,San Jose,San Jose,94.51,5975271,Health,1,CA
3495,Inc5000 Company List,3495,24633,3495,144,Reborn Cabinets,Anaheim,Los Angeles,94.5,16691147,Construction,1,CA
3497,Inc5000 Company List,3497,20297,3497,140,Decipher,Fresno,Fresno CA,94.47,25437446,Software,4,CA
3514,Inc5000 Company List,3514,18041,3514,40,BLUE Microphones,Westlake Village,Los Angeles,93.76,25123000,Consumer Products & Services,5,CA
3517,Inc5000 Company List,3517,1186,3517,96,LaunchSquad,San Francisco,San Francisco,93.55,11341307,Advertising & Marketing,7,CA
3528,Inc5000 Company List,3528,18104,3528,41,YOR Health,Irvine,Los Angeles,93.1,30992129,Health,5,CA
3543,Inc5000 Company List,3543,24043,3543,14,Technology Finance Partners,San Bruno,San Francisco,92.37,5440707,Financial Services,2,CA
3548,Inc5000 Company List,3548,25909,3548,53,Cortech Engineering,Yorba Linda,Los Angeles,92.16,19533751,Energy,1,CA
3562,Inc5000 Company List,3562,17672,3562,72,EASi,Pleasanton,San Francisco,91.52,11545276,Financial Services,3,CA
3564,Inc5000 Company List,3564,2211,3564,50,Kelton,Culver City,Los Angeles,91.42,19888984,Advertising & Marketing,8,CA
3590,Inc5000 Company List,3590,18656,3590,39,Airsis,San Diego,San Diego,90.48,7202298,Software,5,CA
3597,Inc5000 Company List,3597,23920,3597,14,Flexible Assembly Systems,San Diego,San Diego,90.21,6585000,Manufacturing,2,CA
3598,Inc5000 Company List,3598,25839,3598,8,Innovative Commercial Environments,San Diego,San Diego,90.2,3814734,Business Products & Services,1,CA
3615,Inc5000 Company List,3615,25477,3615,135,White Arrow,Commerce,Los Angeles,89.35,64454000,Logistics & Transportation,1,CA
3628,Inc5000 Company List,3628,24801,3628,13,Rebel Industries,Los Angeles,Los Angeles,88.89,4250000,Advertising & Marketing,1,CA
3631,Inc5000 Company List,3631,19492,3631,38,Outside the Lines,Newport Beach,Los Angeles,88.8,8898951,Construction,4,CA
3633,Inc5000 Company List,3633,18589,3633,67,BioPharm Systems,San Mateo,San Francisco,88.66,14650073,IT Services,5,CA
3641,Inc5000 Company List,3641,22220,3641,9,Lamination Depot,Santa Ana,Los Angeles,88.45,3956327,Business Products & Services,3,CA
3646,Inc5000 Company List,3646,26454,3646,442,Actian,Redwood City,San Francisco,88.31,117575000,Software,1,CA
3661,Inc5000 Company List,3661,3390,3661,167,CaseStack,Santa Monica,Los Angeles,87.71,117111000,Logistics & Transportation,7,CA
3693,Inc5000 Company List,3693,25353,3693,18,Method Technologies,Huntington Beach,Los Angeles,86.44,2116024,IT Services,1,CA
3700,Inc5000 Company List,3700,3494,3700,60,Product Support Solutions,Dublin,San Francisco,86.04,16711211,Telecommunications,6,CA
3710,Inc5000 Company List,3710,26389,3710,35,The DZAP Group,San Diego,San Diego,85.74,4155000,Advertising & Marketing,1,CA
3721,Inc5000 Company List,3721,25148,3721,28,Bellows Plumbing Heating & Air,Soquel,Santa Cruz-Watsonville CA,85.14,3098705,Construction,1,CA
3723,Inc5000 Company List,3723,22507,3723,15,Express Companies,Encinitas,San Diego,85.13,5762726,Business Products & Services,3,CA
3746,Inc5000 Company List,3746,3989,3746,40,Jackson Design and Remodeling,San Diego,San Diego,84.33,10025896,Construction,5,CA
3755,Inc5000 Company List,3755,2650,3755,86,Cal Net Technology Group,Chatsworth,Los Angeles,83.88,17845291,IT Services,6,CA
3756,Inc5000 Company List,3756,20717,3756,180,Jade Global,San Jose,San Jose,83.7,15035072,IT Services,4,CA
3775,Inc5000 Company List,3775,20050,3775,35,Gap Intelligence,San Diego,San Diego,83.14,4413914,Business Products & Services,4,CA
3785,Inc5000 Company List,3785,24180,3785,8,Apposite Technologies,Los Angeles,Los Angeles,82.68,4703536,Computer Hardware,2,CA
3794,Inc5000 Company List,3794,26219,3794,8,Dobi & Associates,San DIego,San Diego,82.19,12541082,Consumer Products & Services,1,CA
3809,Inc5000 Company List,3809,2672,3809,73,LifeScript,Mission Viejo,Los Angeles,81.9,39535000,Advertising & Marketing,8,CA
3810,Inc5000 Company List,3810,24982,3810,16,PayrollCentric,Los Angeles,Los Angeles,81.89,2421000,Business Products & Services,1,CA
3821,Inc5000 Company List,3821,2168,3821,1783,TriNet,San Leandro,San Francisco,81.45,1644275000,Human Resources,12,CA
3824,Inc5000 Company List,3824,21183,3824,5,Cal-American Homes,Claremont,Los Angeles,81.32,3427337,Real Estate,3,CA
3841,Inc5000 Company List,3841,24375,3841,23,Puzzled,Chatsworth,Los Angeles,80.54,3521973,Consumer Products & Services,2,CA
3855,Inc5000 Company List,3855,19656,3855,45,USAePay,Glendale,Los Angeles,80.05,6950000,Financial Services,4,CA
3865,Inc5000 Company List,3865,22285,3865,45,Blue Oak Energy,Davis,Vallejo-Fairfield CA,79.89,14965838,Energy,3,CA
3891,Inc5000 Company List,3891,20147,3891,18,Ace Exhibits,Los Angeles,Los Angeles,79.13,8900015,Advertising & Marketing,4,CA
3901,Inc5000 Company List,3901,912,3901,90,BEAR Data Systems,San Francisco,San Francisco,78.58,150403501,IT Services,6,CA
3903,Inc5000 Company List,3903,3813,3903,5010,Pacific Dental Services,Irvine,Los Angeles,78.54,627767000,Health,9,CA
3907,Inc5000 Company List,3907,26069,3907,21,OCP Group,San Diego,San Diego,78.32,10663870,Manufacturing,1,CA
3909,Inc5000 Company List,3909,24098,3909,300,Prophet,San Francisco,San Francisco,78.24,109554429,Advertising & Marketing,2,CA
3913,Inc5000 Company List,3913,24479,3913,10,Salas O'Brien Engineering,San Jose,San Jose,78.12,17034612,Engineering,2,CA
3916,Inc5000 Company List,3916,24454,3916,95,Wood Gutmann & Bogart,Tustin,Los Angeles,77.78,16427000,Insurance,2,CA
3925,Inc5000 Company List,3925,24995,3925,246,WCCT Global,Cypress,Los Angeles,77.38,29564463,Health,1,CA
3926,Inc5000 Company List,3926,20603,3926,38,Alvarez Technology Group,Salinas,Salinas CA,77.38,4365143,IT Services,4,CA
3935,Inc5000 Company List,3935,141,3935,52,Zumasys,Irvine,Los Angeles,77.03,21892185,IT Services,6,CA
3936,Inc5000 Company List,3936,25178,3936,82,Franklin Loan Center,Palm Desert,Riverside-San Bernardino-Ontario CA,77.03,10483829,Real Estate,1,CA
3938,Inc5000 Company List,3938,19686,3938,7,Cecchetti Wine Company,Vineburg,Santa Rosa-Petaluma CA,76.95,15911401,Food & Beverage,4,CA
3939,Inc5000 Company List,3939,2837,3939,58,The Online 401(k),San Francisco,San Francisco,76.87,9329968,Financial Services,8,CA
3950,Inc5000 Company List,3950,8816,3950,10,Public Identity,Los Angeles,Los Angeles,76.67,3960041,Advertising & Marketing,3,CA
3951,Inc5000 Company List,3951,20593,3951,899,Quinn Emanuel,Los Angeles,Los Angeles,76.66,972500000,Business Products & Services,4,CA
3960,Inc5000 Company List,3960,560,3960,110,CPO Commerce,Pasadena,Los Angeles,76.24,78602869,Retail,7,CA
3967,Inc5000 Company List,3967,10951,3967,89,Virtium Technology,Rancho Santa Margarita,Los Angeles,75.99,34329554,Computer Hardware,4,CA
3977,Inc5000 Company List,3977,26592,3977,1217,Amphastar Pharmaceuticals,Rancho Cucamonga,Riverside-San Bernardino-Ontario CA,75.68,229681000,Health,1,CA
3978,Inc5000 Company List,3978,6031,3978,30,The Saywitz Company,Newport Beach,Los Angeles,75.67,10231297,Real Estate,2,CA
3981,Inc5000 Company List,3981,20574,3981,24,AMG & Associates,Santa Clarita,Los Angeles,75.62,22244380,Construction,3,CA
3993,Inc5000 Company List,3993,25402,3993,30,Calibre One,San Francisco,San Francisco,74.95,6725128,Human Resources,1,CA
3997,Inc5000 Company List,3997,20981,3997,39,RateSpecial Interactive,Pasadena,Los Angeles,74.88,22775000,Advertising & Marketing,3,CA
4000,Inc5000 Company List,4000,24032,4000,15,P-Fleet,San Diego,San Diego,74.8,116385114,Financial Services,2,CA
4004,Inc5000 Company List,4004,24448,4004,26,AfterCollege,San Francisco,San Francisco,74.67,6317345,Education,2,CA
4024,Inc5000 Company List,4024,25309,4024,56,RailPros,Irvine,Los Angeles,74,14945587,Engineering,1,CA
4031,Inc5000 Company List,4031,25104,4031,55,Piston,San Diego,San Diego,73.84,7642000,Advertising & Marketing,1,CA
4050,Inc5000 Company List,4050,25555,4050,22,My Lineage,San Diego,San Diego,73.12,3496398,Government Services,1,CA
4055,Inc5000 Company List,4055,22261,4055,56,Burnham Benefits Insurance Services,Irvine,Los Angeles,73.05,13648400,Insurance,3,CA
4061,Inc5000 Company List,4061,19982,4061,6,HomeExchange.com,Hermosa Beach,Los Angeles,72.89,5818220,Travel & Hospitality,4,CA
4062,Inc5000 Company List,4062,26498,4062,107,Walton Isaacson,Culver City,Los Angeles,72.88,70291234,Advertising & Marketing,1,CA
4066,Inc5000 Company List,4066,480,4066,28,Electronic Cash Systems,Foothill Ranch,Los Angeles,72.82,53588593,Financial Services,6,CA
4074,Inc5000 Company List,4074,23929,4074,48,CNS,Burbank,Los Angeles,72.53,2822497,IT Services,2,CA
4099,Inc5000 Company List,4099,26037,4099,20,714 Tickets,Anaheim,Los Angeles,71.43,13729007,Retail,1,CA
4122,Inc5000 Company List,4122,24853,4122,7,B.I.Minds,Milpitas,San Jose,70.55,2356000,Software,1,CA
4132,Inc5000 Company List,4132,25208,4132,17,Triune Infomatics,Fremont,San Francisco,70.25,3450293,IT Services,1,CA
4142,Inc5000 Company List,4142,20419,4142,27,Dial800,Los Angeles,Los Angeles,70.05,6843187,Advertising & Marketing,4,CA
4144,Inc5000 Company List,4144,26527,4144,9,RH Electronics,Oceanside,San Diego,69.97,2150266,Manufacturing,1,CA
4154,Inc5000 Company List,4154,25761,4154,13,Registration Express Group,Redding,Redding CA,69.63,2683553,Business Products & Services,1,CA
4155,Inc5000 Company List,4155,26177,4155,89,Milestone Internet Marketing,Santa Clara,San Jose,69.54,17423173,Advertising & Marketing,1,CA
4160,Inc5000 Company List,4160,747,4160,102,Neogov,El Segundo,Los Angeles,69.38,15596678,Software,5,CA
4184,Inc5000 Company List,4184,26446,4184,20,3 Blind Mice Window Coverings,San Diego,San Diego,68.61,2462355,Business Products & Services,1,CA
4191,Inc5000 Company List,4191,973,4191,78,Isotech Pest Management,Irwindale,Los Angeles,68.47,10514080,Business Products & Services,6,CA
4196,Inc5000 Company List,4196,26033,4196,305,Carl Warren & Company,Placentia,Los Angeles,68.36,38395000,Insurance,1,CA
4197,Inc5000 Company List,4197,25997,4197,47,Hewins Financial Advisors,San Mateo,San Francisco,68.32,12145983,Financial Services,1,CA
4198,Inc5000 Company List,4198,23458,4198,9,Secured Retail Networks,Irvine,Los Angeles,68.29,5246720,IT Services,2,CA
4204,Inc5000 Company List,4204,25718,4204,450,Flyers Energy,Auburn,Truckee-Grass Valley CA,67.96,1977921907,Energy,1,CA
4205,Inc5000 Company List,4205,7844,4205,342,DTT,Los Angeles,Los Angeles,67.95,23923893,Security,5,CA
4215,Inc5000 Company List,4215,24250,4215,210,TechAspect Solutions,Fremont,Allegan MI,67.7,10622193,IT Services,2,CA
4231,Inc5000 Company List,4231,18234,4231,45,EO Products,San Rafael,San Francisco,67.1,14137205,Consumer Products & Services,4,CA
4232,Inc5000 Company List,4232,17428,4232,59,TVGla,Los Angeles,Los Angeles,67,9348056,Advertising & Marketing,2,CA
4236,Inc5000 Company List,4236,25650,4236,24,Straine Consulting,Sacramento,Sacramento--Arden-Arcade--Roseville CA,66.95,6241704,Health,1,CA
4237,Inc5000 Company List,4237,17984,4237,50,BCT Consulting,Fresno,Fresno CA,66.93,4249840,IT Services,5,CA
4253,Inc5000 Company List,4253,19549,4253,45,Movoto,San Mateo,San Francisco,66.17,5663000,Real Estate,4,CA
4254,Inc5000 Company List,4254,2662,4254,779,M S International,Orange,Los Angeles,66.13,559480000,Consumer Products & Services,5,CA
4261,Inc5000 Company List,4261,25094,4261,10,eMinutes,Los Angeles,Los Angeles,65.99,3062181,Business Products & Services,1,CA
4272,Inc5000 Company List,4272,24116,4272,6,London Guest Suites,West Hollywood,Los Angeles,65.64,3298992,Travel & Hospitality,2,CA
4274,Inc5000 Company List,4274,26060,4274,21,Reach Technology,Fremont,San Francisco,65.6,8666330,Computer Hardware,1,CA
4300,Inc5000 Company List,4300,24370,4300,118,Productivity Associates,San Diego,San Diego,64.7,5580060,Software,2,CA
4301,Inc5000 Company List,4301,20682,4301,300,CH Reynolds,San Jose,San Jose,64.69,59874714,Construction,4,CA
4305,Inc5000 Company List,4305,24339,4305,8,Mudge Fasteners,Corona,Riverside-San Bernardino-Ontario CA,64.66,3280000,Business Products & Services,2,CA
4314,Inc5000 Company List,4314,18474,4314,22,Image Locations,Beverly Hills,Los Angeles,64.49,7027000,Media,4,CA
4332,Inc5000 Company List,4332,24016,4332,95,GST,Cerritos,Los Angeles,63.6,82120000,Computer Hardware,2,CA
4335,Inc5000 Company List,4335,22723,4335,30,Abacus Wealth Partners,Santa Monica,Los Angeles,63.54,7424992,Financial Services,3,CA
4336,Inc5000 Company List,4336,25877,4336,13,ITAD Solutions,South San Francisco,San Francisco,63.5,2708809,IT Services,1,CA
4346,Inc5000 Company List,4346,18332,4346,47,Xantrion,Oakland,San Francisco,63.26,9629000,IT Services,4,CA
4351,Inc5000 Company List,4351,478,4351,9,Valudor Products,San Diego,San Diego,63.14,28025675,Manufacturing,3,CA
4381,Inc5000 Company List,4381,22456,4381,33,Alpi International,Oakland,San Francisco,62.22,5869000,Advertising & Marketing,3,CA
4383,Inc5000 Company List,4383,25055,4383,350,netPolarity,Campbell,San Jose,62.12,50310625,Human Resources,1,CA
4384,Inc5000 Company List,4384,25804,4384,96,Coury & Buehler Physical Therapy,Brea,Los Angeles,62.12,6591531,Health,1,CA
4387,Inc5000 Company List,4387,2567,4387,809,People's Care Holdings,Chino Hills,Riverside-San Bernardino-Ontario CA,61.86,28824674,Health,6,CA
4394,Inc5000 Company List,4394,21164,4394,311,T-Force,Irvine,Los Angeles,61.6,32904441,Telecommunications,3,CA
4396,Inc5000 Company List,4396,24051,4396,694,Access Destination Services,San Diego,San Diego,61.52,63617242,Travel & Hospitality,2,CA
4401,Inc5000 Company List,4401,22111,4401,20,Titan SEO,San Diego,San Diego,61.3,4525467,Advertising & Marketing,5,CA
4411,Inc5000 Company List,4411,21838,4411,22,HRAnswerLink,Pleasanton,San Francisco,61.13,2570000,Human Resources,3,CA
4424,Inc5000 Company List,4424,4134,4424,63,ExakTime,Calabasas,Los Angeles,60.67,12239035,Business Products & Services,5,CA
4426,Inc5000 Company List,4426,25438,4426,35,USAFact,Riverside,Riverside-San Bernardino-Ontario CA,60.62,4819848,Human Resources,1,CA
4428,Inc5000 Company List,4428,17312,4428,20,Insight Resource Group,Orinda,San Francisco,60.58,12849015,Advertising & Marketing,5,CA
4437,Inc5000 Company List,4437,25645,4437,13,Cannonball Wine Company,Healdsburg,Santa Rosa-Petaluma CA,60.03,5522847,Food & Beverage,1,CA
4441,Inc5000 Company List,4441,26430,4441,40,Terapeak,Palo Alto,San Jose,59.84,8615643,Business Products & Services,1,CA
4463,Inc5000 Company List,4463,25108,4463,53,BrandKarma,Irvine,Los Angeles,58.98,9868000,Health,1,CA
4481,Inc5000 Company List,4481,24214,4481,22,Self Edge,Millbrae,San Francisco,58.36,2992674,Retail,2,CA
4491,Inc5000 Company List,4491,3096,4491,45,Sunshine Rentals,Vista,San Diego,57.84,2453294,Travel & Hospitality,4,CA
4522,Inc5000 Company List,4522,25649,4522,0,General Networks,Glendale,Los Angeles,57.04,12079727,IT Services,1,CA
4537,Inc5000 Company List,4537,22500,4537,16,Dazadi,Santa Clarita,Los Angeles,56.65,7399875,Retail,3,CA
4539,Inc5000 Company List,4539,18092,4539,45,Kutir,Newark,San Francisco,56.54,4284596,Human Resources,5,CA
4545,Inc5000 Company List,4545,25625,4545,34,220 Marketing,San Diego,San Diego,56.39,2448972,Advertising & Marketing,1,CA
4548,Inc5000 Company List,4548,20156,4548,29,Combustion Parts,El Cajon,San Diego,56.34,12050502,Energy,4,CA
4574,Inc5000 Company List,4574,24971,4574,19,D.H. Charles Engineering,Santa Rosa,Santa Rosa-Petaluma CA,55.72,4279719,Engineering,1,CA
4575,Inc5000 Company List,4575,19232,4575,18,Square Peg Packaging & Printing,San Diego,San Diego,55.69,11561901,Business Products & Services,4,CA
4576,Inc5000 Company List,4576,17887,4576,10000,VXI Global Solutions,Los Angeles,Los Angeles,55.68,249609092,Telecommunications,4,CA
4577,Inc5000 Company List,4577,17581,4577,212,Location Labs,Emeryville,San Francisco,55.62,27256000,Software,5,CA
4579,Inc5000 Company List,4579,24493,4579,38,USWired,San Jose,San Jose,55.54,4924996,IT Services,2,CA
4584,Inc5000 Company List,4584,25882,4584,90,Purium Health Products,Long Beach,Los Angeles,55.32,17674351,Food & Beverage,1,CA
4596,Inc5000 Company List,4596,25530,4596,20,Business Communications Solutions,Irvine,Los Angeles,54.99,4905676,IT Services,1,CA
4612,Inc5000 Company List,4612,22441,4612,266,Valin,San Jose,San Jose,54.44,180129000,Business Products & Services,3,CA
4613,Inc5000 Company List,4613,24107,4613,86,CIK Power Distributors,Orange,Los Angeles,54.44,17901870,Telecommunications,2,CA
4614,Inc5000 Company List,4614,841,4614,48,Dynamic Systems,El Segundo,Los Angeles,54.43,81131000,IT Services,5,CA
4620,Inc5000 Company List,4620,20081,4620,72,SKLZ,Carlsbad,San Diego,54.29,70936000,Consumer Products & Services,4,CA
4641,Inc5000 Company List,4641,4789,4641,1168,American Specialty Health,San Diego,San Diego,53.58,239180984,Health,6,CA
4643,Inc5000 Company List,4643,26491,4643,2600,Genesys,Daly City,San Francisco,53.53,740236000,Software,1,CA
4653,Inc5000 Company List,4653,859,4653,32,ACFN Franchised,San Jose,San Jose,53.37,14286525,Financial Services,7,CA
4661,Inc5000 Company List,4661,1445,4661,102,Droisys,Santa Clara,San Jose,53,11011506,IT Services,7,CA
4667,Inc5000 Company List,4667,25255,4667,10,MCG Logistics,Mission Viejo,Los Angeles,52.76,3275951,Logistics & Transportation,1,CA
4678,Inc5000 Company List,4678,24349,4678,22,Monk Development,San Diego,San Diego,52.43,2334849,Software,2,CA
4704,Inc5000 Company List,4704,773,4704,18,ClickMail Marketing,San Mateo,San Francisco,51.75,4593693,Advertising & Marketing,5,CA
4707,Inc5000 Company List,4707,22353,4707,160,Tempest Telecom Solutions,Santa Barbara,Santa Barbara-Santa Maria-Goleta CA,51.52,57453530,Telecommunications,3,CA
4710,Inc5000 Company List,4710,26611,4710,780,Yodlee,Redwood City,San Francisco,51.41,70160000,Financial Services,1,CA
4716,Inc5000 Company List,4716,18570,4716,210,SOAProjects,Mountain View,San Jose,51.28,15483970,Financial Services,5,CA
4718,Inc5000 Company List,4718,24329,4718,6,DynamiCard Plastic Postcards,Escondido,San Diego,51.23,4560379,Advertising & Marketing,2,CA
4722,Inc5000 Company List,4722,21951,4722,105,Discovia,San Francisco,San Francisco,51.1,20176631,Software,3,CA
4723,Inc5000 Company List,4723,25006,4723,10,Morrison Insurance Services,Carlsbad,San Diego,51.08,2127148,Insurance,1,CA
4732,Inc5000 Company List,4732,19499,4732,31,Cosemi Technologies,Irvine,Los Angeles,50.88,5907664,Telecommunications,3,CA
4745,Inc5000 Company List,4745,23836,4745,32,American Finance Solutions,Anaheim,Los Angeles,50.38,5871832,Financial Services,2,CA
4749,Inc5000 Company List,4749,8484,4749,13,Artime Group,Pasadena,Los Angeles,50.31,2744597,Advertising & Marketing,2,CA
4758,Inc5000 Company List,4758,25406,4758,23,Resource Development Associates,Oakland,San Francisco,49.95,2387794,Business Products & Services,1,CA
4765,Inc5000 Company List,4765,4366,4765,89,Cell Business Equipment,Irvine,Los Angeles,49.8,25191343,Business Products & Services,7,CA
4777,Inc5000 Company List,4777,612,4777,650,Neudesic,Irvine,Los Angeles,49.42,80389351,IT Services,8,CA
4782,Inc5000 Company List,4782,19295,4782,19,AgentMarketing.com,Aliso Viejo,Los Angeles,49.21,4907867,Real Estate,4,CA
4793,Inc5000 Company List,4793,25638,4793,21,PMA,Cerritos,Los Angeles,48.89,8686000,Advertising & Marketing,1,CA
4794,Inc5000 Company List,4794,24230,4794,40,Demand Solutions Group,Campbell,San Jose,48.87,7027066,IT Services,2,CA
4795,Inc5000 Company List,4795,18429,4795,102,Entisys Solutions,Concord,San Francisco,48.85,70557829,IT Services,5,CA
4800,Inc5000 Company List,4800,10095,4800,39,Chassis Plans,San Diego,San Diego,48.7,11591648,Computer Hardware,5,CA
4812,Inc5000 Company List,4812,3253,4812,170,Arborwell,Hayward,San Francisco,48.3,21237568,Environmental Services,8,CA
4816,Inc5000 Company List,4816,22183,4816,30,Axiom Mobile Imaging,San Carlos,San Francisco,48.19,2867400,Health,3,CA
4826,Inc5000 Company List,4826,23799,4826,14,The Garabedian Group,Fresno,Fresno CA,47.92,2098091,Business Products & Services,2,CA
4829,Inc5000 Company List,4829,1686,4829,50,Via Trading,Lynwood,Los Angeles,47.84,37569889,Business Products & Services,8,CA
4851,Inc5000 Company List,4851,9451,4851,95,Palo Alto Staffing,Palo Alto,San Jose,47.23,5780078,Human Resources,2,CA
4874,Inc5000 Company List,4874,19451,4874,40,M2 Displays,Fullerton,Los Angeles,46.65,6149412,Manufacturing,4,CA
4882,Inc5000 Company List,4882,17723,4882,43,Nett Solutions,Aliso Viejo,Los Angeles,46.34,16387178,Advertising & Marketing,5,CA
4884,Inc5000 Company List,4884,295,4884,180,Simplion Technologies,Milpitas,San Jose,46.3,11617578,IT Services,6,CA
4895,Inc5000 Company List,4895,3788,4895,71,Decision Toolbox,Irvine,Los Angeles,45.93,7764806,Human Resources,4,CA
4902,Inc5000 Company List,4902,25630,4902,11,Plastek Cards,Carson,Los Angeles,45.72,5421827,Manufacturing,1,CA
4916,Inc5000 Company List,4916,24404,4916,19,Envision Capital Group,Laguna Hills,Los Angeles,45.1,12071976,Financial Services,2,CA
4926,Inc5000 Company List,4926,22389,4926,57,Phoenix Energy Technologies,Irvine,Los Angeles,44.64,3958801,Energy,3,CA
4938,Inc5000 Company List,4938,17819,4938,49,Net2EZ,El Segundo,Los Angeles,44.38,39312541,IT Services,5,CA
4947,Inc5000 Company List,4947,20373,4947,71,Cell Marque,Rocklin,Sacramento--Arden-Arcade--Roseville CA,44.17,25121422,Health,4,CA
4952,Inc5000 Company List,4952,20220,4952,747,ProTransport-1,Cotati,Santa Rosa-Petaluma CA,43.98,48545083,Health,4,CA
4953,Inc5000 Company List,4953,19420,4953,13,Optimum Employer Solutions,Newport Beach,Los Angeles,43.96,6805427,Human Resources,4,CA
4958,Inc5000 Company List,4958,25090,4958,403,First California Mortgage Company,Petaluma,Santa Rosa-Petaluma CA,43.82,52108289,Real Estate,1,CA
4964,Inc5000 Company List,4964,2321,4964,332,Akraya,Sunnyvale,San Jose,43.69,45015000,IT Services,5,CA
4975,Inc5000 Company List,4975,26318,4975,28,Instant InfoSystems,Torrance,Los Angeles,43.24,10265353,IT Services,1,CA
4977,Inc5000 Company List,4977,4011,4977,94,InVision Communications,Walnut Creek,San Francisco,43.15,48501653,Advertising & Marketing,5,CA
4978,Inc5000 Company List,4978,22056,4978,35,BeCore,Los Angeles,Los Angeles,43.13,11653053,Advertising & Marketing,2,CA
4980,Inc5000 Company List,4980,22171,4980,12,FRSTeam,Hayward,San Francisco,43.02,2672372,Business Products & Services,3,CA
4989,Inc5000 Company List,4989,22225,4989,681,Ameri-Kleen,Watsonville,Salinas CA,42.78,21934897,Business Products & Services,7,CA
4998,Inc5000 Company List,4998,367,4998,35,Sensis,Los Angeles,Los Angeles,42.52,11078000,Advertising & Marketing,7,CA
